edp_number,sku,grouped_skus,image_detail,icons,vender_name,category_ids,series_01,series_02,outside_diameter,shank_diameter,flute_length,overall_length,morse_taper_no,surface_treatment,pilot_length,shank_type,point_angle,c_sink_angle,standard,raw_material,attribute_set,name (CHINESE),name (ENGLISH),type,product_type_id,description,price,short_description,status,qty,image,weight,tax_class_id,visibility
GR-SD-D5302,GR-SD-D5302,"YNDBAAADF,YNDBAABDF,YNDBAACDF,YNDBAADDF,YNDBAAEDF,YNDBAAFDF,YNDBAAGDF,YNDBAAHDF,YNDBAAIDF,YNDBAAJDF,YNDBAAKDF",,,YG-1,"3,8,39",Center Drill,D5302,,,,,,0,1,PLAIN,120°,60°,,Carbide,SD_center_drill,硬质合金 中心钻头 Form C,CARBIDE Center Drill Form C,grouped,grouped,,888888,,Enable,10,,1,4,4
GR-SD-DH302,GR-SD-DH302,"YNDBAALDF,YNDBAAMDF,YNDBAANDF,YNDBAAODF,YNDBAAPDF,YNDBAAQDF,YNDBAARDF,YNDBAASDF,YNDBAATDF,YNDBAAUDF,YNDBAAVDF",,,YG-1,"3,8,39",Center Drill,DH302,,,,,,TiAlN,1,PLAIN,120°,60°,,Carbide,SD_center_drill,硬质合金 中心钻头 Form C(TiAlN涂层),CARBIDE Center Drill Form C(TiAlN),grouped,grouped,,888888,,Enable,10,,1,4,4
GR-SD-D5306,GR-SD-D5306,"YNDHAAADF,YNDHAABDF,YNDHAACDF,YNDHAADDF,YNDHAAEDF,YNDHAAFDF",,,YG-1,"3,8,61",NC SPOTTING Drill,D5306,,,,,,0,0,0,90°,0,,Carbide,SD_nc_drill,硬质合金 定心钻头(90角度),CARBIDE NC Spotting Drill(90deg.),grouped,grouped,,888888,,Enable,10,,1,4,4
GR-SD-D5307,GR-SD-D5306,"YNDHAAGDF,YNDHAAHDF,YNDHAAIDF,YNDHAAJDF,YNDHAAKDF,YNDHAALDF",,,YG-1,"3,8,61",NC SPOTTING Drill,D5307,,,,,,0,0,0,120°,0,,Carbide,SD_nc_drill,硬质合金 定心钻头(120角度),CARBIDE NC Spotting Drill(120deg.),grouped,grouped,,888888,,Enable,10,,1,4,4
GR-SD-D5315,GR-SD-D5315,"YNDHAAMDF,YNDHAANDF,YNDHAAODF,YNDHAAPDF,YNDHAAQDF,YNDHAARDF,YNDHAASDF,YNDHAATDF,YNDHAAUDF",,,YG-1,"3,8,61",NC SPOTTING Drill,D5315,,,,,,0,0,0,90°,0,,Carbide,SD_nc_drill,硬质合金 定心钻头(90角度),CARBIDE NC Spotting Drill(90deg.),grouped,grouped,,888888,,Enable,10,,1,4,4
GR-SD-D5318,GR-SD-D5318,"YNDHAAVDF,YNDHAAWDF,YNDHAAXDF,YNDHAAYDF,YNDHAAZDF,YNDHABADF,YNDHABBDF,YNDHABCDF",,,YG-1,"3,8,61",NC SPOTTING Drill,D5318,,,,,,0,0,0,120°,0,,Carbide,SD_nc_drill,硬质合金 定心钻头,CARBIDE NC Spotting Drill,grouped,grouped,,888888,,Enable,10,,1,4,4
GR-SD-H4401,GR-SD-H4401,"YNDAAAADF,YNDAAABDF,YNDAAACDF,YNDAAADDF,YNDAAAEDF,YNDAAAFDF,YNDAAAGDF,YNDAAAHDF,YNDAAAIDF,YNDAAAJDF,YNDAAAKDF,YNDAAALDF,YNDAAAMDF,YNDAAANDF,YNDAAAODF,YNDAAAPDF,YNDAAAQDF,YNDAAARDF,YNDAAASDF,YNDAAATDF,YNDAAAUDF,YNDAAAVDF,YNDAAAWDF,YNDAAAXDF,YNDAAAYDF,YNDAAAZDF,YNDAABADF,YNDAABBDF,YNDAABCDF,YNDAABDDF,YNDAABEDF,YNDAABFDF,YNDAABGDF,YNDAABHDF,YNDAABIDF,YNDAABJDF,YNDAABKDF,YNDAABLDF,YNDAABMDF,YNDAABNDF,YNDAABODF,YNDAABPDF,YNDAABQDF,YNDAABRDF,YNDAABSDF,YNDAABTDF,YNDAABUDF,YNDAABVDF,YNDAABWDF,YNDAABXDF,YNDAABYDF,YNDAABZDF,YNDAACADF,YNDAACBDF,YNDAACCDF,YNDAACDDF,YNDAACEDF,YNDAACFDF,YNDAACGDF,YNDAACHDF,YNDAACIDF,YNDAACJDF,YNDAACKDF,YNDAACLDF,YNDAACMDF,YNDAACNDF,YNDAACODF,YNDAACPDF,YNDAACQDF,YNDAACRDF,YNDAACSDF,YNDAACTDF,YNDAACUDF,YNDAACVDF,YNDAACWDF,YNDAACXDF,YNDAACYDF,YNDAACZDF,YNDAADADF,YNDAADBDF,YNDAADCDF,YNDAADDDF,YNDAADEDF,YNDAADFDF,YNDAADGDF,YNDAADHDF,YNDAADIDF,YNDAADJDF,YNDAADKDF,YNDAADLDF,YNDAADMDF,YNDAADNDF,YNDAADODF,YNDAADPDF,YNDAADQDF,YNDAADRDF,YNDAADSDF,YNDAADTDF,YNDAADUDF,YNDAADVDF,YNDAADWDF,YNDAADXDF,YNDAADYDF,YNDAADZDF,YNDAAEADF,YNDAAEBDF,YNDAAECDF,YNDAAEDDF,YNDAAEEDF,YNDAAEFDF,YNDAAEGDF,YNDAAEIDF,YNDAAEKDF,YNDAAEMDF,YNDAAEODF,YNDAAEQDF,YNDAAESDF,YNDAAEUDF,YNDAAEWDF,YNDAAEYDF,YNDAAFADF,YNDAAFCDF,YNDAAFEDF,YNDAAFGDF,YNDAAFIDF,YNDAAFKDF,YNDAAFMDF,YNDAAFODF,YNDAAFQDF,YNDAAFSDF,YNDAAFUDF,YNDAAFWDF,YNDAAFYDF,YNDAAGADF,YNDAAGCDF,YNDAAGEDF,YNDAAGGDF,YNDAAGIDF,YNDAAGKDF,YNDAAGMDF,YNDAAGODF,YNDAAGQDF,YNDAAGSDF,YNDAAGUDF,YNDAAGWDF,YNDAAGYDF,YNDAAHADF,YNDAAHCDF,YNDAAHEDF,YNDAAHGDF,YNDAAHIDF,YNDAAHKDF,YNDAAHMDF,YNDAAHODF,YNDAAHQDF,YNDAAHSDF,YNDAAHUDF,YNDAAHWDF,YNDAAHYDF,YNDAAIADF,YNDAAICDF",,,YG-1,"3,8,47",Carbide Straight Shank Drill,H4401,,,,,,0,0,0,0,0,,Carbide,SD_drill_normal,硬质合金 超短 直柄钻头,CARBIDE Stub Straight Shank Drill,grouped,grouped,,888888,,Enable,10,,1,4,4
GR-SD-D5401,GR-SD-D5401,"YNDAAEHDF,YNDAAEJDF,YNDAAELDF,YNDAAENDF,YNDAAEPDF,YNDAAERDF,YNDAAETDF,YNDAAEVDF,YNDAAEXDF,YNDAAEZDF,YNDAAFBDF,YNDAAFDDF,YNDAAFFDF,YNDAAFHDF,YNDAAFJDF,YNDAAFLDF,YNDAAFNDF,YNDAAFPDF,YNDAAFRDF,YNDAAFTDF,YNDAAFVDF,YNDAAFXDF,YNDAAFZDF,YNDAAGBDF,YNDAAGDDF,YNDAAGFDF,YNDAAGHDF,YNDAAGJDF,YNDAAGLDF,YNDAAGNDF,YNDAAGPDF,YNDAAGRDF,YNDAAGTDF,YNDAAGVDF,YNDAAGXDF,YNDAAGZDF,YNDAAHBDF,YNDAAHDDF,YNDAAHFDF,YNDAAHHDF,YNDAAHJDF,YNDAAHLDF,YNDAAHNDF,YNDAAHPDF,YNDAAHRDF,YNDAAHTDF,YNDAAHVDF,YNDAAHXDF,YNDAAHZDF,YNDAAIBDF,YNDAAQZDF,YNDAARADF,YNDAARBDF,YNDAARCDF,YNDAARDDF,YNDAAREDF,YNDAARFDF,YNDAARGDF,YNDAARHDF,YNDAARIDF,YNDAARJDF,YNDAARKDF,YNDAARLDF,YNDAARMDF,YNDAARNDF,YNDAARODF,YNDAARPDF,YNDAARQDF,YNDAARRDF,YNDAARSDF,YNDAARTDF,YNDAARUDF,YNDAARVDF,YNDAARWDF,YNDAARXDF,YNDAARYDF,YNDAARZDF,YNDAASADF,YNDAASBDF,YNDAASCDF,YNDAASDDF,YNDAASEDF,YNDAASFDF,YNDAASGDF,YNDAASHDF,YNDAASIDF,YNDAASJDF,YNDAASKDF,YNDAASLDF,YNDAASMDF,YNDAASNDF,YNDAASODF,YNDAASPDF,YNDAASQDF,YNDAASRDF,YNDAASSDF,YNDAASTDF,YNDAASUDF,YNDAASVDF,YNDAASWDF,YNDAASXDF,YNDAASYDF,YNDAASZDF,YNDAATADF,YNDAATBDF,YNDAATCDF,YNDAATDDF,YNDAATEDF,YNDAATFDF,YNDAATGDF,YNDAATHDF,YNDAATIDF,YNDAATJDF,YNDAATKDF,YNDAATLDF,YNDAATMDF,YNDAATNDF,YNDAATODF,YNDAATPDF,YNDAATQDF,YNDAATRDF,YNDAATSDF,YNDAATTDF,YNDAATUDF,YNDAATVDF,YNDAATWDF,YNDAATXDF,YNDAATYDF,YNDAATZDF,YNDAAUADF,YNDAAUBDF,YNDAAUCDF,YNDAAUDDF,YNDAAUEDF,YNDAAUFDF,YNDAAUGDF,YNDAAUHDF,YNDAAUIDF,YNDAAUJDF,YNDAAUKDF,YNDAAULDF,YNDAAUMDF,YNDAAUNDF,YNDAAUODF,YNDAAUPDF,YNDAAUQDF,YNDAAURDF,YNDAAUSDF,YNDAAUTDF,YNDAAUUDF,YNDAAUVDF,YNDAAUWDF,YNDAAUXDF,YNDAAUYDF,YNDAAUZDF,YNDAAVADF,YNDAAVBDF,YNDAAVCDF,YNDAAVDDF,YNDAAVEDF,YNDAAVFDF,YNDAAVGDF,YNDAAVHDF,YNDAAVIDF,YNDAAVJDF,YNDAAVKDF,YNDAAVLDF,YNDAAVMDF,YNDAAVNDF,YNDAAVODF,YNDAAVPDF",,,YG-1,"3,8,47",Carbide Straight Shank Drill,D5401,,,,,,0,0,0,0,0,,Carbide,SD_drill_normal,硬质合金 超短 直柄钻头,CARBIDE Stub Straight Shank Drill,grouped,grouped,,888888,,Enable,10,,1,4,4
GR-SD-D5405,GR-SD-D5405,"YNDAAIDDF,YNDAAIEDF,YNDAAIFDF,YNDAAIGDF,YNDAAIHDF,YNDAAIIDF,YNDAAIJDF,YNDAAIKDF,YNDAAILDF,YNDAAIMDF,YNDAAINDF,YNDAAIODF,YNDAAIPDF,YNDAAIQDF,YNDAAIRDF,YNDAAISDF,YNDAAITDF,YNDAAIUDF,YNDAAIVDF,YNDAAIWDF,YNDAAIXDF,YNDAAIYDF,YNDAAIZDF,YNDAAJADF,YNDAAJBDF,YNDAAJCDF,YNDAAJDDF,YNDAAJEDF,YNDAAJFDF,YNDAAJGDF,YNDAAJHDF,YNDAAJIDF,YNDAAJJDF,YNDAAJKDF,YNDAAJLDF,YNDAAJMDF,YNDAAJNDF,YNDAAJODF,YNDAAJPDF,YNDAAJQDF,YNDAAJRDF,YNDAAJSDF,YNDAAJTDF,YNDAAJUDF,YNDAAJVDF,YNDAAJWDF,YNDAAJXDF,YNDAAJYDF,YNDAAJZDF,YNDAAKADF,YNDAAKBDF,YNDAAKCDF,YNDAAKDDF,YNDAAKEDF,YNDAAKFDF,YNDAAKGDF,YNDAAKHDF,YNDAAKIDF,YNDAAKJDF,YNDAAKKDF,YNDAAKLDF,YNDAAKMDF,YNDAAKNDF,YNDAAKODF,YNDAAKPDF,YNDAAKQDF,YNDAAKRDF,YNDAAKSDF,YNDAAKTDF,YNDAAKUDF,YNDAAKVDF,YNDAAKWDF,YNDAAKXDF,YNDAAKYDF,YNDAAKZDF,YNDAALADF,YNDAALBDF,YNDAALCDF,YNDAALDDF,YNDAALEDF,YNDAALFDF,YNDAALGDF,YNDAALHDF,YNDAALIDF,YNDAALJDF,YNDAALKDF,YNDAALLDF,YNDAALMDF,YNDAALNDF,YNDAALODF,YNDAALPDF,YNDAALQDF,YNDAALRDF,YNDAALSDF,YNDAALTDF,YNDAALUDF,YNDAALVDF,YNDAALWDF,YNDAALXDF,YNDAALYDF,YNDAALZDF,YNDAAMADF,YNDAAMBDF,YNDAAMCDF,YNDAAMDDF,YNDAAMEDF,YNDAAMFDF,YNDAAMGDF,YNDAAMHDF,YNDAAVQDF,YNDAAVRDF,YNDAAVSDF,YNDAAVTDF,YNDAAVUDF,YNDAAVVDF,YNDAAVWDF,YNDAAVXDF,YNDAAVYDF,YNDAAVZDF,YNDAAWADF,YNDAAWBDF,YNDAAWCDF,YNDAAWDDF,YNDAAWEDF,YNDAAWFDF,YNDAAWGDF,YNDAAWHDF,YNDAAWIDF,YNDAAWJDF,YNDAAWKDF,YNDAAWLDF,YNDAAWMDF,YNDAAWNDF,YNDAAWODF,YNDAAWPDF,YNDAAWQDF,YNDAAWRDF,YNDAAWSDF,YNDAAWTDF,YNDAAWUDF,YNDAAWVDF,YNDAAWWDF,YNDAAWXDF,YNDAAWYDF,YNDAAWZDF,YNDAAXADF,YNDAAXBDF,YNDAAXCDF,YNDAAXDDF,YNDAAXEDF,YNDAAXFDF,YNDAAXGDF,YNDAAXHDF,YNDAAXIDF,YNDAAXJDF,YNDAAXKDF,YNDAAXLDF,YNDAAXMDF,YNDAAXNDF,YNDAAXODF,YNDAAXPDF,YNDAAXQDF,YNDAAXRDF,YNDAAXSDF,YNDAAXTDF,YNDAAXUDF,YNDAAXVDF,YNDAAXWDF,YNDAAXXDF,YNDAAXYDF,YNDAAXZDF,YNDAAYADF,YNDAAYBDF,YNDAAYCDF,YNDAAYDDF,YNDAAYEDF,YNDAAYFDF,YNDAAYGDF,YNDAAYHDF,YNDAAYIDF,YNDAAYJDF,YNDAAYKDF,YNDAAYLDF,YNDAAYMDF,YNDAAYNDF,YNDAAYODF,YNDAAYPDF,YNDAAYQDF,YNDAAYRDF,YNDAAYSDF,YNDAAYTDF,YNDAAYUDF,YNDAAYVDF,YNDAAYWDF,YNDAAYXDF,YNDAAYYDF,YNDAAYZDF,YNDAAZADF,YNDAAZBDF,YNDAAZCDF,YNDAAZDDF,YNDAAZEDF,YNDAAZFDF,YNDAAZGDF,YNDAAZHDF,YNDAAZIDF,YNDAAZJDF,YNDAAZKDF,YNDAAZLDF,YNDAAZMDF,YNDAAZODF,YNDAAZRDF,YNDAAZUDF,YNDAAZWDF,YNDAAZYDF,YNDABABDF,YNDABADDF,YNDABAGDF,YNDAAZNDF,YNDAAZPDF,YNDAAZQDF,YNDAAZSDF,YNDAAZTDF,YNDAAZVDF,YNDAAZXDF,YNDAAZZDF,YNDABAADF,YNDABACDF,YNDABAEDF,YNDABAFDF",,,YG-1,"3,8,47",Carbide Straight Shank Drill,D5405,,,,,,0,0,0,0,0,,Carbide,SD_drill_normal,硬质合金 超短 直柄钻头 DIN 6539,CARBIDE Stub Straight Shank Drill DIN 6539,grouped,grouped,,888888,,Enable,10,,1,4,4
GR-SD-D5407,GR-SD-D5407,"YNDAAMIDF,YNDAAMJDF,YNDAAMKDF,YNDAAMLDF,YNDAAMMDF,YNDAAMNDF,YNDAAMODF,YNDAAMPDF,YNDAAMQDF,YNDAAMRDF,YNDAAMSDF,YNDAAMTDF,YNDAAMUDF,YNDAAMVDF,YNDAAMWDF,YNDAAMXDF,YNDAAMYDF,YNDAAMZDF,YNDAANADF,YNDAANBDF,YNDAANCDF,YNDAANDDF,YNDAANEDF,YNDAANFDF,YNDAANGDF,YNDAANHDF,YNDAANIDF,YNDAANJDF,YNDAANKDF,YNDAANLDF,YNDAANMDF,YNDAANNDF,YNDAANODF,YNDAANPDF,YNDAANQDF,YNDAANRDF,YNDAANSDF,YNDAANTDF,YNDAANUDF,YNDAANVDF,YNDAANWDF,YNDAANXDF,YNDAANYDF,YNDAANZDF,YNDAAOADF,YNDAAOBDF,YNDAAOCDF,YNDAAODDF,YNDAAOEDF,YNDAAOFDF,YNDAAOGDF,YNDAAOHDF,YNDAAOIDF,YNDAAOJDF,YNDAAOKDF,YNDAAOLDF,YNDAAOMDF,YNDAAONDF,YNDAAOODF,YNDAAOPDF,YNDAAOQDF,YNDAAORDF,YNDAAOSDF,YNDAAOTDF,YNDAAOUDF,YNDAAOVDF,YNDAAOWDF,YNDAAOXDF,YNDAAOYDF,YNDAAOZDF,YNDAAPADF,YNDAAPBDF,YNDAAPCDF,YNDAAPDDF,YNDAAPEDF,YNDAAPFDF,YNDAAPGDF,YNDAAPHDF,YNDAAPIDF,YNDAAPJDF,YNDAAPKDF,YNDAAPLDF,YNDAAPMDF,YNDAAPNDF,YNDAAPODF,YNDAAPPDF,YNDAAPQDF,YNDAAPRDF,YNDAAPSDF,YNDAAPTDF,YNDAAPUDF,YNDAAPVDF,YNDAAPWDF,YNDAAPXDF,YNDAAPYDF,YNDAAPZDF,YNDAAQADF,YNDAAQBDF,YNDAAQCDF,YNDAAQDDF,YNDAAQEDF,YNDAAQFDF,YNDAAQGDF,YNDAAQHDF,YNDAAQIDF,YNDAAQJDF,YNDAAQKDF,YNDAAQLDF,YNDAAQMDF,YNDAAQNDF,YNDAAQODF,YNDAAQPDF,YNDAAQQDF,YNDAAQRDF,YNDAAQSDF,YNDAAQTDF,YNDAAQUDF,YNDAAQVDF,YNDAAQWDF,YNDAAQXDF,YNDAAQYDF,YNDABAHDF,YNDABAIDF,YNDABAJDF,YNDABAKDF,YNDABALDF,YNDABAMDF,YNDABANDF,YNDABAODF,YNDABAPDF,YNDABAQDF,YNDABARDF,YNDABASDF,YNDABATDF,YNDABAUDF,YNDABAVDF,YNDABAWDF,YNDABAXDF,YNDABAYDF,YNDABAZDF,YNDABBADF,YNDABBBDF,YNDABBCDF,YNDABBDDF,YNDABBEDF,YNDABBFDF,YNDABBGDF,YNDABBHDF,YNDABBIDF,YNDABBJDF,YNDABBKDF,YNDABBLDF,YNDABBMDF,YNDABBNDF,YNDABBODF,YNDABBPDF,YNDABBQDF,YNDABBRDF,YNDABBSDF,YNDABBTDF,YNDABBUDF,YNDABBVDF,YNDABBWDF,YNDABBXDF,YNDABBYDF,YNDABBZDF,YNDABCADF,YNDABCBDF,YNDABCCDF,YNDABCDDF,YNDABCEDF,YNDABCFDF,YNDABCGDF,YNDABCHDF,YNDABCIDF,YNDABCJDF,YNDABCKDF,YNDABCLDF,YNDABCMDF,YNDABCNDF,YNDABCODF,YNDABCPDF,YNDABCQDF,YNDABCRDF,YNDABCSDF,YNDABCTDF,YNDABCUDF,YNDABCVDF,YNDABCWDF,YNDABCXDF,YNDABCYDF,YNDABCZDF,YNDABDADF,YNDABDBDF,YNDABDCDF,YNDABDDDF,YNDABDEDF,YNDABDFDF,YNDABDGDF,YNDABDHDF,YNDABDIDF,YNDABDJDF,YNDABDKDF,YNDABDLDF,YNDABDMDF,YNDABDNDF,YNDABDODF,YNDABDPDF,YNDABDQDF,YNDABDRDF,YNDABDSDF,YNDABDTDF,YNDABDUDF,YNDABDVDF,YNDABDWDF,YNDABDXDF,YNDABDYDF,YNDABDZDF,YNDABEADF,YNDABEBDF,YNDABECDF,YNDABEDDF,YNDABEEDF,YNDABEFDF,YNDABEGDF,YNDABEHDF,YNDABEIDF,YNDABEJDF,YNDABEKDF,YNDABELDF,YNDABEMDF,YNDABENDF,YNDABEODF,YNDABEPDF,YNDABEQDF,YNDABERDF,YNDABESDF,YNDABETDF,YNDABEUDF,YNDABEVDF,YNDABEWDF,YNDABEXDF",,,YG-1,"3,8,47",Carbide Straight Shank Drill,D5407,,,,,,0,0,0,0,0,,Carbide,SD_drill_normal,硬质合金 细长 直柄钻头 DIN 338,CARBIDE Jobber Straight Shank Drill DIN 338,grouped,grouped,,888888,,Enable,10,,1,4,4
GR-SD-D5432,GR-SD-D5432,"YNDCAAKDF,YNDCAALDF,YNDCAAMDF,YNDCAANDF,YNDCAAODF,YNDCAAPDF,YNDCAAQDF,YNDCAARDF,YNDCAASDF,YNDCAATDF,YNDCAAUDF,YNDCAAVDF,YNDCAAWDF,YNDCAAXDF,YNDCAAYDF,YNDCAAZDF,YNDCABADF,YNDCABBDF,YNDCABCDF,YNDCABDDF,YNDCABEDF,YNDCABFDF,YNDCABGDF,YNDCABHDF,YNDCABIDF,YNDCABJDF,YNDCABKDF,YNDCABLDF,YNDCABMDF,YNDCABNDF,YNDCABODF,YNDCABPDF,YNDCABQDF,YNDCABRDF,YNDCABSDF,YNDCABTDF,YNDCABUDF,YNDCABVDF,YNDCABWDF,YNDCABXDF,YNDCABYDF,YNDCABZDF,YNDCACADF,YNDCACBDF,YNDCACCDF,YNDCACDDF,YNDCACEDF,YNDCACFDF,YNDCACGDF,YNDCACHDF,YNDCACIDF,YNDCACJDF,YNDCACKDF,YNDCACLDF,YNDCACMDF,YNDCACNDF,YNDCACODF,YNDCACPDF,YNDCACQDF,YNDCACRDF,YNDCACSDF,YNDCACTDF,YNDCACUDF,YNDCACVDF,YNDCACWDF,YNDCACXDF,YNDCACYDF,YNDCACZDF,YNDCADADF,YNDCADBDF,YNDCADCDF,YNDCADDDF,YNDCADEDF,YNDCADFDF,YNDCADGDF,YNDCADHDF,YNDCADIDF,YNDCADJDF,YNDCADKDF,YNDCADLDF,YNDCADMDF,YNDCADNDF,YNDCADODF,YNDCADPDF,YNDCADQDF,YNDCADRDF,YNDCADSDF,YNDCADTDF,YNDCADUDF,YNDCADVDF,YNDCADWDF,YNDCADXDF,YNDCADYDF,YNDCADZDF,YNDCAEADF,YNDCAEBDF,YNDCAECDF,YNDCAEDDF,YNDCAEEDF,YNDCAEFDF,YNDCAEGDF,YNDCAEHDF,YNDCAEIDF,YNDCAEJDF,YNDCAEKDF,YNDCAELDF,YNDCAEMDF",,,YG-1,"3,8,46",Dream Drill-ALU,D5432,,,,,,,,PLAIN,,,,Carbide,SD_drill_normal,油孔梦幻钻头 铝加工 3XD ,Dream Drill Alu 3XD with Coolant Hole,grouped,grouped,,888888,,Enable,10,,1,4,4
GR-SD-D5433,GR-SD-D5433,"YNDCAENDF,YNDCAEODF,YNDCAEPDF,YNDCAEQDF,YNDCAERDF,YNDCAESDF,YNDCAETDF,YNDCAEUDF,YNDCAEVDF,YNDCAEWDF,YNDCAEXDF,YNDCAEYDF,YNDCAEZDF,YNDCAFADF,YNDCAFBDF,YNDCAFCDF,YNDCAFDDF,YNDCAFEDF,YNDCAFFDF,YNDCAFGDF,YNDCAFHDF,YNDCAFIDF,YNDCAFJDF,YNDCAFKDF,YNDCAFLDF,YNDCAFMDF,YNDCAFNDF,YNDCAFODF,YNDCAFPDF,YNDCAFQDF,YNDCAFRDF,YNDCAFSDF,YNDCAFTDF,YNDCAFUDF,YNDCAFVDF,YNDCAFWDF,YNDCAFXDF,YNDCAFYDF,YNDCAFZDF,YNDCAGADF,YNDCAGBDF,YNDCAGCDF,YNDCAGDDF,YNDCAGEDF,YNDCAGFDF,YNDCAGGDF,YNDCAGHDF,YNDCAGIDF,YNDCAGJDF,YNDCAGKDF,YNDCAGLDF,YNDCAGMDF,YNDCAGNDF,YNDCAGODF,YNDCAGPDF,YNDCAGQDF,YNDCAGRDF,YNDCAGSDF,YNDCAGTDF,YNDCAGUDF,YNDCAGVDF,YNDCAGWDF,YNDCAGXDF,YNDCAGYDF,YNDCAGZDF,YNDCAHADF,YNDCAHBDF,YNDCAHCDF,YNDCAHDDF,YNDCAHEDF,YNDCAHFDF,YNDCAHGDF,YNDCAHHDF,YNDCAHIDF,YNDCAHJDF,YNDCAHKDF,YNDCAHLDF,YNDCAHMDF,YNDCAHNDF,YNDCAHODF,YNDCAHPDF,YNDCAHQDF,YNDCAHRDF,YNDCAHSDF,YNDCAHTDF,YNDCAHUDF,YNDCAHVDF,YNDCAHWDF,YNDCAHXDF,YNDCAHYDF,YNDCAHZDF,YNDCAIADF,YNDCAIBDF,YNDCAICDF,YNDCAIDDF,YNDCAIEDF,YNDCAIFDF,YNDCAIGDF,YNDCAIHDF,YNDCAIIDF,YNDCAIJDF,YNDCAIKDF,YNDCAILDF,YNDCAIMDF,YNDCAINDF,YNDCAIODF,YNDCAIPDF",,,YG-1,"3,8,46",Dream Drill-ALU,D5433,,,,,,,,PLAIN,,,,Carbide,SD_drill_normal,油孔梦幻钻头 铝加工 5XD ,Dream Drill Alu 5XD with Coolant Hole,grouped,grouped,,888888,,Enable,10,,1,4,4
GR-SD-D5434,GR-SD-D5434,"YNDCAIQDF,YNDCAIRDF,YNDCAISDF,YNDCAITDF,YNDCAIUDF,YNDCAIVDF,YNDCAIWDF,YNDCAIXDF,YNDCAIYDF,YNDCAIZDF,YNDCAJADF,YNDCAJBDF,YNDCAJCDF,YNDCAJDDF,YNDCAJEDF,YNDCAJFDF,YNDCAJGDF,YNDCAJHDF,YNDCAJIDF,YNDCAJJDF,YNDCAJKDF,YNDCAJLDF,YNDCAJMDF,YNDCAJNDF,YNDCAJODF,YNDCAJPDF,YNDCAJQDF,YNDCAJRDF,YNDCAJSDF,YNDCAJTDF,YNDCAJUDF,YNDCAJVDF,YNDCAJWDF,YNDCAJXDF,YNDCAJYDF,YNDCAJZDF,YNDCAKADF,YNDCAKBDF,YNDCAKCDF,YNDCAKDDF,YNDCAKEDF,YNDCAKFDF,YNDCAKGDF,YNDCAKHDF,YNDCAKIDF,YNDCAKJDF,YNDCAKKDF,YNDCAKLDF,YNDCAKMDF,YNDCAKNDF,YNDCAKODF,YNDCAKPDF,YNDCAKQDF,YNDCAKRDF,YNDCAKSDF,YNDCAKTDF,YNDCAKUDF,YNDCAKVDF,YNDCAKWDF,YNDCAKXDF,YNDCAKYDF,YNDCAKZDF,YNDCALADF,YNDCALBDF,YNDCALCDF,YNDCALDDF,YNDCALEDF,YNDCALFDF,YNDCALGDF,YNDCALHDF,YNDCALIDF,YNDCALJDF,YNDCALKDF,YNDCALLDF,YNDCALMDF,YNDCALNDF,YNDCALODF,YNDCALPDF,YNDCALQDF,YNDCALRDF,YNDCALSDF,YNDCALTDF,YNDCALUDF,YNDCALVDF,YNDCALWDF,YNDCALXDF,YNDCALYDF,YNDCALZDF,YNDCAMADF,YNDCAMBDF,YNDCAMCDF,YNDCAMDDF,YNDCAMEDF,YNDCAMFDF,YNDCAMGDF",,,YG-1,"3,8,46",Dream Drill-ALU,D5434,,,,,,,,PLAIN,,,,Carbide,SD_drill_normal,油孔梦幻钻头 铝加工 8XD ,Dream Drill Alu 8XD with Coolant Hole,grouped,grouped,,888888,,Enable,10,,1,4,4
GR-SD-DI473,GR-SD-DI473,"YNDCAAADF,YNDCAABDF,YNDCAACDF,YNDCAADDF,YNDCAAEDF,YNDCAAFDF,YNDCAAGDF,YNDCAAHDF,YNDCAAIDF,YNDCAAJDF",,,YG-1,"3,8,45",Dream Drill C-FRP,DI473,,,,,,Diamond,0,PLAIN,0,0,,Carbide,SD_drill_normal,梦幻钻头_CFRP 5XD (钻),D/D_CFRP 5XD without Coolant Hole(Diamond),grouped,grouped,,888888,,Enable,10,,1,4,4
GR-SD-DH404,GR-SD-DH404,"YNDCAMHDF,YNDCAMIDF,YNDCAMJDF,YNDCAMKDF,YNDCAMLDF,YNDCAMMDF,YNDCAMNDF,YNDCAMODF,YNDCAMPDF,YNDCAMQDF,YNDCAMRDF,YNDCAMSDF,YNDCAMTDF,YNDCAMUDF,YNDCAMVDF,YNDCAMWDF,YNDCAMXDF,YNDCAMYDF,YNDCAMZDF,YNDCANADF,YNDCANBDF,YNDCANCDF,YNDCANDDF,YNDCANEDF,YNDCANFDF,YNDCANGDF,YNDCANHDF,YNDCANIDF,YNDCANJDF,YNDCANKDF,YNDCANLDF,YNDCANMDF,YNDCANNDF,YNDCANODF,YNDCANPDF,YNDCANQDF,YNDCANRDF,YNDCANSDF,YNDCANTDF,YNDCANUDF,YNDCANVDF,YNDCANWDF,YNDCANXDF,YNDCANYDF,YNDCANZDF,YNDCAOADF,YNDCAOBDF,YNDCAOCDF,YNDCAODDF,YNDCAOEDF,YNDCAOFDF,YNDCAOGDF,YNDCAOHDF,YNDCAOIDF,YNDCAOJDF,YNDCAOKDF,YNDCAOLDF,YNDCAOMDF,YNDCAONDF,YNDCAOODF,YNDCAOPDF,YNDCAOQDF,YNDCAORDF,YNDCAOSDF,YNDCAOTDF,YNDCAOUDF,YNDCAOVDF,YNDCAOWDF,YNDCAOXDF,YNDCAOYDF,YNDCAOZDF,YNDCAPADF,YNDCAPBDF,YNDCAPCDF,YNDCAPDDF,YNDCAPEDF,YNDCAPFDF,YNDCAPGDF,YNDCAPHDF,YNDCAPIDF,YNDCAPJDF,YNDCAPKDF,YNDCAPLDF,YNDCAPMDF,YNDCAPNDF,YNDCAPODF,YNDCAPPDF,YNDCAPQDF,YNDCAPRDF,YNDCAPSDF,YNDCAPTDF,YNDCAPUDF,YNDCAPVDF,YNDCAPWDF,YNDCAPXDF,YNDCAPYDF,YNDCAPZDF,YNDCAQADF,YNDCAQBDF,YNDCAQCDF,YNDCAQDDF,YNDCAQEDF,YNDCAQFDF,YNDCAQGDF,YNDCAQHDF,YNDCAQIDF",,,YG-1,"3,8,44",Dream Drill-GENERAL,DH404,,,,,,TiAlN,0,PLAIN,0,0,,Carbide,SD_drill_normal,梦幻钻头 3XD DIN 6539(TiAlN涂层),Dream Drill 3XD DIN 6539(TiAlN),grouped,grouped,,888888,,Enable,10,,1,4,4
GR-SD-DH406,GR-SD-DH406,"YNDCAQJDF,YNDCAQKDF,YNDCAQLDF,YNDCAQMDF,YNDCAQNDF,YNDCAQODF,YNDCAQPDF,YNDCAQQDF,YNDCAQRDF,YNDCAQSDF,YNDCAQTDF,YNDCAQUDF,YNDCAQVDF,YNDCAQWDF,YNDCAQXDF,YNDCAQYDF,YNDCAQZDF,YNDCARADF,YNDCARBDF,YNDCARCDF,YNDCARDDF,YNDCAREDF,YNDCARFDF,YNDCARGDF,YNDCARHDF,YNDCARIDF,YNDCARJDF,YNDCARKDF,YNDCARLDF,YNDCARMDF,YNDCARNDF,YNDCARODF,YNDCARPDF,YNDCARQDF,YNDCARRDF,YNDCARSDF,YNDCARTDF,YNDCARUDF,YNDCARVDF,YNDCARWDF,YNDCARXDF,YNDCARYDF,YNDCARZDF,YNDCASADF,YNDCASBDF,YNDCASCDF,YNDCASDDF,YNDCASEDF,YNDCASFDF,YNDCASGDF,YNDCASHDF,YNDCASIDF,YNDCASJDF,YNDCASKDF,YNDCASLDF,YNDCASMDF,YNDCASNDF,YNDCASODF,YNDCASPDF,YNDCASQDF,YNDCASRDF,YNDCASSDF,YNDCASTDF,YNDCASUDF,YNDCASVDF,YNDCASWDF,YNDCASXDF,YNDCASYDF,YNDCASZDF,YNDCATADF,YNDCATBDF,YNDCATCDF,YNDCATDDF,YNDCATEDF,YNDCATFDF,YNDCATGDF,YNDCATHDF,YNDCATIDF,YNDCATJDF,YNDCATKDF,YNDCATLDF,YNDCATMDF,YNDCATNDF,YNDCATODF,YNDCATPDF,YNDCATQDF,YNDCATRDF,YNDCATSDF,YNDCATTDF,YNDCATUDF,YNDCATVDF,YNDCATWDF,YNDCATXDF,YNDCATYDF,YNDCATZDF,YNDCAUADF,YNDCAUBDF,YNDCAUCDF,YNDCAUDDF,YNDCAUEDF,YNDCAUFDF,YNDCAUGDF,YNDCAUHDF,YNDCAUIDF,YNDCAUJDF,YNDCAUKDF,YNDCAULDF,YNDCAUMDF,YNDCAUNDF,YNDCAUODF,YNDCAUPDF,YNDCAUQDF,YNDCAURDF,YNDCAUSDF,YNDCAUTDF,YNDCAUUDF,YNDCAUVDF,YNDCAUWDF,YNDCAUXDF,YNDCAUYDF,YNDCAUZDF,YNDCAVADF,YNDCAVBDF,YNDCAVCDF,YNDCAVDDF,YNDCAVEDF,YNDCAVFDF,YNDCAVGDF,YNDCAVHDF,YNDCAVIDF,YNDCAVJDF,YNDCAVKDF,YNDCAVLDF,YNDCAVMDF,YNDCAVNDF,YNDCAVODF,YNDCAVPDF,YNDCAVQDF,YNDCAVRDF,YNDCAVSDF,YNDCAVTDF,YNDCAVUDF,YNDCAVVDF,YNDCAVWDF,YNDCAVXDF,YNDCAVYDF,YNDCAVZDF,YNDCAWADF,YNDCAWBDF,YNDCAWCDF,YNDCAWDDF,YNDCAWEDF,YNDCAWFDF,YNDCAWGDF,YNDCAWHDF,YNDCAWIDF,YNDCAWJDF,YNDCAWKDF,YNDCAWLDF",,,YG-1,"3,8,44",Dream Drill-GENERAL,DH406,,,,,,TiAlN,0,PLAIN,0,0,,Carbide,SD_drill_normal,油孔梦幻钻头 3XD DIN 6537(TiAlN涂层),Dream Drill 3XD with Coolant Hole DIN 6537(TiAlN),grouped,grouped,,888888,,Enable,10,,1,4,4
GR-SD-DH408,GR-SD-DH408,"YNDCAWMDF,YNDCAWNDF,YNDCAWODF,YNDCAWPDF,YNDCAWQDF,YNDCAWRDF,YNDCAWSDF,YNDCAWTDF,YNDCAWUDF,YNDCAWVDF,YNDCAWWDF,YNDCAWXDF,YNDCAWYDF,YNDCAWZDF,YNDCAXADF,YNDCAXBDF,YNDCAXCDF,YNDCAXDDF,YNDCAXEDF,YNDCAXFDF,YNDCAXGDF,YNDCAXHDF,YNDCAXIDF,YNDCAXJDF,YNDCAXKDF,YNDCAXLDF,YNDCAXMDF,YNDCAXNDF,YNDCAXODF,YNDCAXPDF,YNDCAXQDF,YNDCAXRDF,YNDCAXSDF,YNDCAXTDF,YNDCAXUDF,YNDCAXVDF,YNDCAXWDF,YNDCAXXDF,YNDCAXYDF,YNDCAXZDF,YNDCAYADF,YNDCAYBDF,YNDCAYCDF,YNDCAYDDF,YNDCAYEDF,YNDCAYFDF,YNDCAYGDF,YNDCAYHDF,YNDCAYIDF,YNDCAYJDF,YNDCAYKDF,YNDCAYLDF,YNDCAYMDF,YNDCAYNDF,YNDCAYODF,YNDCAYPDF,YNDCAYQDF,YNDCAYRDF,YNDCAYSDF,YNDCAYTDF,YNDCAYUDF,YNDCAYVDF,YNDCAYWDF,YNDCAYXDF,YNDCAYYDF,YNDCAYZDF,YNDCAZADF,YNDCAZBDF,YNDCAZCDF,YNDCAZDDF,YNDCAZEDF,YNDCAZFDF,YNDCAZGDF,YNDCAZHDF,YNDCAZIDF,YNDCAZJDF,YNDCAZKDF,YNDCAZLDF,YNDCAZMDF,YNDCAZNDF,YNDCAZODF,YNDCAZPDF,YNDCAZQDF,YNDCAZRDF,YNDCAZSDF,YNDCAZTDF,YNDCAZUDF,YNDCAZVDF,YNDCAZWDF,YNDCAZXDF,YNDCAZYDF,YNDCAZZDF,YNDCBAADF,YNDCBABDF,YNDCBACDF,YNDCBADDF,YNDCBAEDF,YNDCBAFDF,YNDCBAGDF,YNDCBAHDF,YNDCBAIDF,YNDCBAJDF,YNDCBAKDF,YNDCBALDF,YNDCBAMDF,YNDCBANDF,YNDCBAODF,YNDCBAPDF,YNDCBAQDF,YNDCBARDF,YNDCBASDF,YNDCBATDF,YNDCBAUDF,YNDCBAVDF,YNDCBAWDF,YNDCBAXDF,YNDCBAYDF,YNDCBAZDF,YNDCBBADF,YNDCBBBDF,YNDCBBCDF,YNDCBBDDF,YNDCBBEDF,YNDCBBFDF,YNDCBBGDF,YNDCBBHDF,YNDCBBIDF,YNDCBBJDF,YNDCBBKDF,YNDCBBLDF,YNDCBBMDF,YNDCBBNDF,YNDCBBODF,YNDCBBPDF,YNDCBBQDF,YNDCBBRDF,YNDCBBSDF,YNDCBBTDF,YNDCBBUDF,YNDCBBVDF,YNDCBBWDF,YNDCBBXDF,YNDCBBYDF,YNDCBBZDF,YNDCBCADF,YNDCBCBDF,YNDCBCCDF,YNDCBCDDF,YNDCBCEDF,YNDCBCFDF,YNDCBCGDF,YNDCBCHDF,YNDCBCIDF,YNDCBCJDF,YNDCBCKDF,YNDCBCLDF,YNDCBCMDF,YNDCBCNDF,YNDCBCODF",,,YG-1,"3,8,44",Dream Drill-GENERAL,DH408,,,,,,TiAlN,0,PLAIN,0,0,,Carbide,SD_drill_normal,油孔梦幻钻头 5XD DIN 6537(TiAlN涂层),Dream Drill 5XD with Coolant Hole DIN 6537(TiAlN),grouped,grouped,,888888,,Enable,10,,1,4,4
GR-SD-DH421,GR-SD-DH421,"YNDCBCPDF,YNDCBCQDF,YNDCBCRDF,YNDCBCSDF,YNDCBCTDF,YNDCBCUDF,YNDCBCVDF,YNDCBCWDF,YNDCBCXDF,YNDCBCYDF,YNDCBCZDF,YNDCBDADF,YNDCBDBDF,YNDCBDCDF,YNDCBDDDF,YNDCBDEDF,YNDCBDFDF,YNDCBDGDF,YNDCBDHDF,YNDCBDIDF,YNDCBDJDF,YNDCBDKDF,YNDCBDLDF,YNDCBDMDF,YNDCBDNDF,YNDCBDODF,YNDCBDPDF,YNDCBDQDF,YNDCBDRDF,YNDCBDSDF,YNDCBDTDF,YNDCBDUDF,YNDCBDVDF,YNDCBDWDF,YNDCBDXDF,YNDCBDYDF,YNDCBDZDF,YNDCBEADF,YNDCBEBDF,YNDCBECDF,YNDCBEDDF,YNDCBEEDF,YNDCBEFDF,YNDCBEGDF,YNDCBEHDF,YNDCBEIDF,YNDCBEJDF,YNDCBEKDF,YNDCBELDF,YNDCBEMDF,YNDCBENDF,YNDCBEODF,YNDCBEPDF,YNDCBEQDF,YNDCBERDF,YNDCBESDF,YNDCBETDF,YNDCBEUDF,YNDCBEVDF,YNDCBEWDF,YNDCBEXDF,YNDCBEYDF,YNDCBEZDF,YNDCBFADF,YNDCBFBDF,YNDCBFCDF,YNDCBFDDF,YNDCBFEDF,YNDCBFFDF,YNDCBFGDF,YNDCBFHDF,YNDCBFIDF,YNDCBFJDF,YNDCBFKDF,YNDCBFLDF,YNDCBFMDF,YNDCBFNDF,YNDCBFODF,YNDCBFPDF,YNDCBFQDF,YNDCBFRDF,YNDCBFSDF,YNDCBFTDF,YNDCBFUDF,YNDCBFVDF,YNDCBFWDF,YNDCBFXDF,YNDCBFYDF,YNDCBFZDF,YNDCBGADF,YNDCBGBDF,YNDCBGCDF,YNDCBGDDF,YNDCBGEDF,YNDCBGFDF",,,YG-1,"3,8,44",Dream Drill-GENERAL,DH421,,,,,,TiAlN,0,PLAIN,0,0,,Carbide,SD_drill_normal,油孔梦幻钻头 8XD DIN 6537(TiAlN涂层),Dream Drill 8XD with Coolant Hole DIN 6537(TiAlN),grouped,grouped,,888888,,Enable,10,,1,4,4
GR-SD-DH423,GR-SD-DH423,"YNDCBGGDF,YNDCBGHDF,YNDCBGIDF,YNDCBGJDF,YNDCBGKDF,YNDCBGLDF,YNDCBGMDF,YNDCBGNDF,YNDCBGODF,YNDCBGPDF,YNDCBGQDF,YNDCBGRDF,YNDCBGSDF,YNDCBGTDF,YNDCBGUDF,YNDCBGVDF,YNDCBGWDF,YNDCBGXDF,YNDCBGYDF,YNDCBGZDF,YNDCBHADF,YNDCBHBDF,YNDCBHCDF,YNDCBHDDF,YNDCBHEDF,YNDCBHFDF,YNDCBHGDF,YNDCBHHDF,YNDCBHIDF,YNDCBHJDF,YNDCBHKDF,YNDCBHLDF,YNDCBHMDF,YNDCBHNDF,YNDCBHODF,YNDCBHPDF,YNDCBHQDF,YNDCBHRDF,YNDCBHSDF,YNDCBHTDF,YNDCBHUDF,YNDCBHVDF,YNDCBHWDF,YNDCBHXDF,YNDCBHYDF,YNDCBHZDF,YNDCBIADF,YNDCBIBDF,YNDCBICDF,YNDCBIDDF,YNDCBIEDF,YNDCBIFDF,YNDCBIGDF,YNDCBIHDF,YNDCBIIDF,YNDCBIJDF,YNDCBIKDF,YNDCBILDF,YNDCBIMDF,YNDCBINDF,YNDCBIODF,YNDCBIPDF,YNDCBIQDF,YNDCBIRDF,YNDCBISDF,YNDCBITDF,YNDCBIUDF,YNDCBIVDF,YNDCBIWDF,YNDCBIXDF,YNDCBIYDF,YNDCBIZDF,YNDCBJADF,YNDCBJBDF,YNDCBJCDF,YNDCBJDDF,YNDCBJEDF,YNDCBJFDF,YNDCBJGDF,YNDCBJHDF,YNDCBJIDF,YNDCBJJDF,YNDCBJKDF,YNDCBJLDF,YNDCBJMDF,YNDCBJNDF,YNDCBJODF,YNDCBJPDF,YNDCBJQDF,YNDCBJRDF,YNDCBJSDF,YNDCBJTDF,YNDCBJUDF,YNDCBJVDF,YNDCBJWDF,YNDCBJXDF,YNDCBJYDF,YNDCBJZDF,YNDCBKADF,YNDCBKBDF,YNDCBKCDF,YNDCBKDDF,YNDCBKEDF,YNDCBKFDF,YNDCBKGDF,YNDCBKHDF,YNDCBKIDF,YNDCBKJDF,YNDCBKKDF,YNDCBKLDF,YNDCBKMDF,YNDCBKNDF,YNDCBKODF,YNDCBKPDF,YNDCBKQDF,YNDCBKRDF,YNDCBKSDF,YNDCBKTDF,YNDCBKUDF,YNDCBKVDF,YNDCBKWDF,YNDCBKXDF,YNDCBKYDF,YNDCBKZDF,YNDCBLADF,YNDCBLBDF,YNDCBLCDF,YNDCBLDDF,YNDCBLEDF,YNDCBLFDF,YNDCBLGDF,YNDCBLHDF,YNDCBLIDF,YNDCBLJDF,YNDCBLKDF,YNDCBLLDF,YNDCBLMDF,YNDCBLNDF,YNDCBLODF,YNDCBLPDF,YNDCBLQDF,YNDCBLRDF,YNDCBLSDF,YNDCBLTDF,YNDCBLUDF,YNDCBLVDF,YNDCBLWDF,YNDCBLXDF,YNDCBLYDF,YNDCBLZDF,YNDCBMADF,YNDCBMBDF",,,YG-1,"3,8,44",Dream Drill-GENERAL,DH423,,,,,,TiAlN,0,PLAIN,0,0,,Carbide,SD_drill_normal,油孔梦幻钻头 3XD DIN 6537(TiAlN涂层),Dream Drill 3XD without Coolant Hole DIN 6537(TiAlN),grouped,grouped,,888888,,Enable,10,,1,4,4
GR-SD-DH424,GR-SD-DH424,"YNDCBMCDF,YNDCBMDDF,YNDCBMEDF,YNDCBMFDF,YNDCBMGDF,YNDCBMHDF,YNDCBMIDF,YNDCBMJDF,YNDCBMKDF,YNDCBMLDF,YNDCBMMDF,YNDCBMNDF,YNDCBMODF,YNDCBMPDF,YNDCBMQDF,YNDCBMRDF,YNDCBMSDF,YNDCBMTDF,YNDCBMUDF,YNDCBMVDF,YNDCBMWDF,YNDCBMXDF,YNDCBMYDF,YNDCBMZDF,YNDCBNADF,YNDCBNBDF,YNDCBNCDF,YNDCBNDDF,YNDCBNEDF,YNDCBNFDF,YNDCBNGDF,YNDCBNHDF,YNDCBNIDF,YNDCBNJDF,YNDCBNKDF,YNDCBNLDF,YNDCBNMDF,YNDCBNNDF,YNDCBNODF,YNDCBNPDF,YNDCBNQDF,YNDCBNRDF,YNDCBNSDF,YNDCBNTDF,YNDCBNUDF,YNDCBNVDF,YNDCBNWDF,YNDCBNXDF,YNDCBNYDF,YNDCBNZDF,YNDCBOADF,YNDCBOBDF,YNDCBOCDF,YNDCBODDF,YNDCBOEDF,YNDCBOFDF,YNDCBOGDF,YNDCBOHDF,YNDCBOIDF,YNDCBOJDF,YNDCBOKDF,YNDCBOLDF,YNDCBOMDF,YNDCBONDF,YNDCBOODF,YNDCBOPDF,YNDCBOQDF,YNDCBORDF,YNDCBOSDF,YNDCBOTDF,YNDCBOUDF,YNDCBOVDF,YNDCBOWDF,YNDCBOXDF,YNDCBOYDF,YNDCBOZDF,YNDCBPADF,YNDCBPBDF,YNDCBPCDF,YNDCBPDDF,YNDCBPEDF,YNDCBPFDF,YNDCBPGDF,YNDCBPHDF,YNDCBPIDF,YNDCBPJDF,YNDCBPKDF,YNDCBPLDF,YNDCBPMDF,YNDCBPNDF,YNDCBPODF,YNDCBPPDF,YNDCBPQDF,YNDCBPRDF,YNDCBPSDF,YNDCBPTDF,YNDCBPUDF,YNDCBPVDF,YNDCBPWDF,YNDCBPXDF,YNDCBPYDF,YNDCBPZDF,YNDCBQADF,YNDCBQBDF,YNDCBQCDF,YNDCBQDDF,YNDCBQEDF,YNDCBQFDF,YNDCBQGDF,YNDCBQHDF,YNDCBQIDF,YNDCBQJDF,YNDCBQKDF,YNDCBQLDF,YNDCBQMDF,YNDCBQNDF,YNDCBQODF,YNDCBQPDF,YNDCBQQDF,YNDCBQRDF,YNDCBQSDF,YNDCBQTDF,YNDCBQUDF,YNDCBQVDF,YNDCBQWDF,YNDCBQXDF,YNDCBQYDF,YNDCBQZDF,YNDCBRADF,YNDCBRBDF,YNDCBRCDF,YNDCBRDDF,YNDCBREDF,YNDCBRFDF,YNDCBRGDF,YNDCBRHDF,YNDCBRIDF,YNDCBRJDF,YNDCBRKDF,YNDCBRLDF,YNDCBRMDF,YNDCBRNDF,YNDCBRODF,YNDCBRPDF,YNDCBRQDF,YNDCBRRDF,YNDCBRSDF,YNDCBRTDF,YNDCBRUDF,YNDCBRVDF",,,YG-1,"3,8,44",Dream Drill-GENERAL,DH424,,,,,,TiAlN,0,PLAIN,0,0,,Carbide,SD_drill_normal,油孔梦幻钻头 5XD DIN 6537(TiAlN涂层),Dream Drill 5XD without Coolant Hole DIN 6537(TiAlN),grouped,grouped,,888888,,Enable,10,,1,4,4
GR-SD-DH500,GR-SD-DH500,"YNDCBRWDF,YNDCBRXDF,YNDCBRYDF,YNDCBRZDF,YNDCBSADF,YNDCBSBDF,YNDCBSCDF,YNDCBSDDF,YNDCBSEDF,YNDCBSFDF,YNDCBSGDF,YNDCBSHDF,YNDCBSIDF,YNDCBSJDF,YNDCBSKDF,YNDCBSLDF,YNDCBSMDF,YNDCBSNDF,YNDCBSODF,YNDCBSPDF,YNDCBSQDF,YNDCBSRDF,YNDCBSSDF,YNDCBSTDF,YNDCBSUDF,YNDCBSVDF,YNDCBSWDF,YNDCBSXDF,YNDCBSYDF,YNDCBSZDF,YNDCBTADF,YNDCBTBDF,YNDCBTCDF,YNDCBTDDF,YNDCBTEDF",,,YG-1,"3,8,43",Dream Drill-HIGH HARDENED,DH500,,,,,,TiAlN,0,PLAIN,0,0,,Carbide,SD_drill_normal,梦幻钻头 为高硬度钢(HRc 50~70)(TiAlN涂层),Dream Drill for H.H.S(HRc 50~70)(TiAlN),grouped,grouped,,888888,,Enable,10,,1,4,4
GR-SD-DH451,GR-SD-DH451,"YNDCBTFDF,YNDCBTGDF,YNDCBTHDF,YNDCBTIDF,YNDCBTJDF,YNDCBTKDF,YNDCBTLDF,YNDCBTMDF,YNDCBTNDF,YNDCBTODF,YNDCBTPDF,YNDCBTQDF,YNDCBTRDF,YNDCBTSDF,YNDCBTTDF,YNDCBTUDF,YNDCBTVDF,YNDCBTWDF,YNDCBTXDF,YNDCBTYDF,YNDCBTZDF,YNDCBUADF,YNDCBUBDF,YNDCBUCDF,YNDCBUDDF,YNDCBUEDF,YNDCBUFDF,YNDCBUGDF,YNDCBUHDF,YNDCBUIDF,YNDCBUJDF,YNDCBUKDF,YNDCBULDF,YNDCBUMDF,YNDCBUNDF,YNDCBUODF,YNDCBUPDF,YNDCBUQDF,YNDCBURDF,YNDCBUSDF,YNDCBUTDF,YNDCBUUDF,YNDCBUVDF,YNDCBUWDF,YNDCBUXDF,YNDCBUYDF,YNDCBUZDF,YNDCBVADF,YNDCBVBDF,YNDCBVCDF,YNDCBVDDF,YNDCBVEDF,YNDCBVFDF,YNDCBVGDF,YNDCBVHDF,YNDCBVIDF,YNDCBVJDF,YNDCBVKDF,YNDCBVLDF,YNDCBVMDF,YNDCBVNDF,YNDCBVODF,YNDCBVPDF,YNDCBVQDF,YNDCBVRDF,YNDCBVSDF,YNDCBVTDF,YNDCBVUDF,YNDCBVVDF,YNDCBVWDF,YNDCBVXDF,YNDCBVYDF,YNDCBVZDF,YNDCBWADF,YNDCBWBDF,YNDCBWCDF,YNDCBWDDF,YNDCBWEDF,YNDCBWFDF,YNDCBWGDF,YNDCBWHDF,YNDCBWIDF,YNDCBWJDF,YNDCBWKDF,YNDCBWLDF,YNDCBWMDF,YNDCBWNDF,YNDCBWODF,YNDCBWPDF,YNDCBWQDF,YNDCBWRDF,YNDCBWSDF,YNDCBWTDF,YNDCBWUDF,YNDCBWVDF,YNDCBWWDF,YNDCBWXDF,YNDCBWYDF,YNDCBWZDF,YNDCBXADF,YNDCBXBDF,YNDCBXCDF,YNDCBXDDF,YNDCBXEDF,YNDCBXFDF,YNDCBXGDF,YNDCBXHDF",,,YG-1,"3,8,42",Dream Drill-INOX,DH451,,,,,,TiAlN,0,PLAIN,0,0,,Carbide,SD_drill_normal,Inox油孔梦幻钻头 3XD(TiAlN涂层),Dream Drill Inox 3XD with Coolant Hole(TiAlN),grouped,grouped,,888888,,Enable,10,,1,4,4
GR-SD-DH452,GR-SD-DH452,"YNDCBXIDF,YNDCBXJDF,YNDCBXKDF,YNDCBXLDF,YNDCBXMDF,YNDCBXNDF,YNDCBXODF,YNDCBXPDF,YNDCBXQDF,YNDCBXRDF,YNDCBXSDF,YNDCBXTDF,YNDCBXUDF,YNDCBXVDF,YNDCBXWDF,YNDCBXXDF,YNDCBXYDF,YNDCBXZDF,YNDCBYADF,YNDCBYBDF,YNDCBYCDF,YNDCBYDDF,YNDCBYEDF,YNDCBYFDF,YNDCBYGDF,YNDCBYHDF,YNDCBYIDF,YNDCBYJDF,YNDCBYKDF,YNDCBYLDF,YNDCBYMDF,YNDCBYNDF,YNDCBYODF,YNDCBYPDF,YNDCBYQDF,YNDCBYRDF,YNDCBYSDF,YNDCBYTDF,YNDCBYUDF,YNDCBYVDF,YNDCBYWDF,YNDCBYXDF,YNDCBYYDF,YNDCBYZDF,YNDCBZADF,YNDCBZBDF,YNDCBZCDF,YNDCBZDDF,YNDCBZEDF,YNDCBZFDF,YNDCBZGDF,YNDCBZHDF,YNDCBZIDF,YNDCBZJDF,YNDCBZKDF,YNDCBZLDF,YNDCBZMDF,YNDCBZNDF,YNDCBZODF,YNDCBZPDF,YNDCBZQDF,YNDCBZRDF,YNDCBZSDF,YNDCBZTDF,YNDCBZUDF,YNDCBZVDF,YNDCBZWDF,YNDCBZXDF,YNDCBZYDF,YNDCBZZDF,YNDCCAADF,YNDCCABDF,YNDCCACDF,YNDCCADDF,YNDCCAEDF,YNDCCAFDF,YNDCCAGDF,YNDCCAHDF,YNDCCAIDF,YNDCCAJDF,YNDCCAKDF,YNDCCALDF,YNDCCAMDF,YNDCCANDF,YNDCCAODF,YNDCCAPDF,YNDCCAQDF,YNDCCARDF,YNDCCASDF,YNDCCATDF,YNDCCAUDF,YNDCCAVDF,YNDCCAWDF,YNDCCAXDF,YNDCCAYDF,YNDCCAZDF,YNDCCBADF,YNDCCBBDF,YNDCCBCDF,YNDCCBDDF,YNDCCBEDF,YNDCCBFDF,YNDCCBGDF,YNDCCBHDF,YNDCCBIDF,YNDCCBJDF,YNDCCBKDF,YNDCCBLDF,YNDCCBMDF,YNDCCBNDF,YNDCCBODF,YNDCCBPDF,YNDCCBQDF,YNDCCBRDF,YNDCCBSDF,YNDCCBTDF,YNDCCBUDF,YNDCCBVDF,YNDCCBWDF,YNDCCBXDF,YNDCCBYDF,YNDCCBZDF",,,YG-1,"3,8,42",Dream Drill-INOX,DH452,,,,,,TiAlN,0,PLAIN,0,0,,Carbide,SD_drill_normal,Inox油孔梦幻钻头 5XD(TiAlN涂层),Dream Drill Inox 5XD with Coolant Hole(TiAlN),grouped,grouped,,888888,,Enable,10,,1,4,4
GR-SD-DH453,GR-SD-DH453,"YNDCCCADF,YNDCCCBDF,YNDCCCCDF,YNDCCCDDF,YNDCCCEDF,YNDCCCFDF,YNDCCCGDF,YNDCCCHDF,YNDCCCIDF,YNDCCCJDF,YNDCCCKDF,YNDCCCLDF,YNDCCCMDF,YNDCCCNDF,YNDCCCODF,YNDCCCPDF,YNDCCCQDF,YNDCCCRDF,YNDCCCSDF,YNDCCCTDF,YNDCCCUDF,YNDCCCVDF,YNDCCCWDF,YNDCCCXDF,YNDCCCYDF,YNDCCCZDF,YNDCCDADF,YNDCCDBDF,YNDCCDCDF,YNDCCDDDF,YNDCCDEDF,YNDCCDFDF,YNDCCDGDF,YNDCCDHDF,YNDCCDIDF,YNDCCDJDF,YNDCCDKDF,YNDCCDLDF,YNDCCDMDF,YNDCCDNDF,YNDCCDODF,YNDCCDPDF,YNDCCDQDF,YNDCCDRDF,YNDCCDSDF,YNDCCDTDF,YNDCCDUDF,YNDCCDVDF,YNDCCDWDF,YNDCCDXDF,YNDCCDYDF,YNDCCDZDF,YNDCCEADF,YNDCCEBDF,YNDCCECDF,YNDCCEDDF,YNDCCEEDF,YNDCCEFDF,YNDCCEGDF,YNDCCEHDF,YNDCCEIDF,YNDCCEJDF,YNDCCEKDF,YNDCCELDF,YNDCCEMDF,YNDCCENDF,YNDCCEODF,YNDCCEPDF,YNDCCEQDF,YNDCCERDF,YNDCCESDF,YNDCCETDF,YNDCCEUDF,YNDCCEVDF,YNDCCEWDF,YNDCCEXDF,YNDCCEYDF,YNDCCEZDF,YNDCCFADF,YNDCCFBDF,YNDCCFCDF,YNDCCFDDF,YNDCCFEDF,YNDCCFFDF,YNDCCFGDF,YNDCCFHDF,YNDCCFIDF,YNDCCFJDF,YNDCCFKDF,YNDCCFLDF,YNDCCFMDF,YNDCCFNDF,YNDCCFODF,YNDCCFPDF,YNDCCFQDF",,,YG-1,"3,8,42",Dream Drill-INOX,DH453,,,,,,TiAlN,0,PLAIN,0,0,,Carbide,SD_drill_normal,Inox油孔梦幻钻头 8XD(TiAlN涂层),Dream Drill Inox 8XD with Coolant Hole(TiAlN),grouped,grouped,,888888,,Enable,10,,1,4,4
GR-SD-DH510,GR-SD-DH510,"YNDCCFRDF,YNDCCFSDF,YNDCCFTDF,YNDCCFUDF,YNDCCFVDF,YNDCCFWDF,YNDCCFXDF,YNDCCFYDF,YNDCCFZDF,YNDCCGADF,YNDCCGBDF,YNDCCGCDF,YNDCCGDDF,YNDCCGEDF,YNDCCGFDF,YNDCCGGDF,YNDCCGHDF,YNDCCGIDF,YNDCCGJDF,YNDCCGKDF,YNDCCGLDF,YNDCCGMDF,YNDCCGNDF,YNDCCGODF,YNDCCGPDF,YNDCCGQDF",,,YG-1,"3,8,41",Dream Drill-MQL,DH510,,,,,,TiAlN,0,PLAIN,0,0,,Carbide,SD_drill_normal,MQL油孔梦幻钻头 10XD(TiAlN涂层),Dream Drill MQL Type 10XD with Coolant Hole(TiAlN),grouped,grouped,,888888,,Enable,10,,1,4,4
GR-SD-DH515,GR-SD-DH515,"YNDCCGRDF,YNDCCGSDF,YNDCCGTDF,YNDCCGUDF,YNDCCGVDF,YNDCCGWDF,YNDCCGXDF,YNDCCGYDF,YNDCCGZDF,YNDCCHADF,YNDCCHBDF,YNDCCHCDF,YNDCCHDDF",,,YG-1,"3,8,41",Dream Drill-MQL,DH515,,,,,,TiAlN,0,PLAIN,0,0,,Carbide,SD_drill_normal,MQL油孔梦幻钻头 15XD(TiAlN涂层),Dream Drill MQL Type 15XD with Coolant Hole(TiAlN),grouped,grouped,,888888,,Enable,10,,1,4,4
GR-SD-DH520,GR-SD-DH520,"YNDCCHEDF,YNDCCHFDF,YNDCCHGDF,YNDCCHHDF,YNDCCHIDF,YNDCCHJDF,YNDCCHKDF,YNDCCHLDF,YNDCCHMDF,YNDCCHNDF,YNDCCHODF,YNDCCHPDF",,,YG-1,"3,8,41",Dream Drill-MQL,DH520,,,,,,TiAlN,0,PLAIN,0,0,,Carbide,SD_drill_normal,MQL油孔梦幻钻头 20XD(TiAlN涂层),Dream Drill MQL Type 20XD with Coolant Hole(TiAlN),grouped,grouped,,888888,,Enable,10,,1,4,4
GR-SD-DHM25,GR-SD-DHM25,"YNDCCHQDF,YNDCCHRDF,YNDCCHSDF,YNDCCHTDF,YNDCCHUDF,YNDCCHVDF,YNDCCHWDF,YNDCCHXDF,YNDCCHYDF,YNDCCHZDF,YNDCCIADF",,,YG-1,"3,8,41",Dream Drill-MQL,DHM25,,,,,,TiAlN,0,PLAIN,0,0,,Carbide,SD_drill_normal,MQL油孔梦幻钻头 25XD(TiAlN涂层),Dream Drill MQL type 25XD With Coolant Hole(TiAlN),grouped,grouped,,888888,,Enable,10,,1,4,4
GR-SD-DHM30,GR-SD-DHM30,"YNDCCIBDF,YNDCCICDF,YNDCCIDDF,YNDCCIEDF,YNDCCIFDF,YNDCCIGDF,YNDCCIHDF,YNDCCIIDF,YNDCCIJDF",,,YG-1,"3,8,41",Dream Drill-MQL,DHM30,,,,,,TiAlN,0,PLAIN,0,0,,Carbide,SD_drill_normal,MQL油孔梦幻钻头 30XD(TiAlN涂层),Dream Drill MQL type 30XD With Coolant Hole(TiAlN),grouped,grouped,,888888,,Enable,10,,1,4,4
GR-SD-D1GP103,GR-SD-D1GP103,"YNDDAAADF,YNDDAABDF,YNDDAACDF,YNDDAADDF,YNDDAAEDF,YNDDAAFDF,YNDDAAGDF,YNDDAAHDF,YNDDAAIDF,YNDDAAJDF,YNDDAAKDF,YNDDAALDF,YNDDAAMDF,YNDDAANDF,YNDDAAODF,YNDDAAPDF,YNDDAAQDF,YNDDAARDF,YNDDAASDF,YNDDAATDF,YNDDAAUDF,YNDDAAVDF,YNDDAAWDF,YNDDAAXDF,YNDDAAYDF,YNDDAAZDF,YNDDABADF,YNDDABBDF,YNDDABCDF,YNDDABDDF,YNDDABEDF,YNDDABFDF,YNDDABGDF,YNDDABHDF,YNDDABIDF,YNDDABJDF,YNDDABKDF,YNDDABLDF,YNDDABMDF,YNDDABNDF,YNDDABODF,YNDDABPDF,YNDDABQDF,YNDDABRDF,YNDDABSDF,YNDDABTDF,YNDDABUDF,YNDDABVDF,YNDDABWDF,YNDDABXDF,YNDDABYDF,YNDDABZDF,YNDDACADF,YNDDACBDF,YNDDACCDF,YNDDACDDF,YNDDACEDF,YNDDACFDF,YNDDACGDF,YNDDACHDF,YNDDACIDF,YNDDACJDF,YNDDACKDF,YNDDACLDF,YNDDACMDF,YNDDACNDF,YNDDACODF,YNDDACPDF,YNDDACQDF,YNDDACRDF,YNDDACSDF,YNDDACTDF,YNDDACUDF,YNDDACVDF,YNDDACWDF,YNDDACXDF,YNDDACYDF,YNDDACZDF,YNDDADADF,YNDDADBDF,YNDDADCDF,YNDDADDDF,YNDDADEDF,YNDDADFDF,YNDDADGDF,YNDDADHDF,YNDDADIDF,YNDDADJDF,YNDDADKDF,YNDDADLDF,YNDDADMDF,YNDDADNDF,YNDDADODF,YNDDADPDF,YNDDADQDF,YNDDADRDF,YNDDADSDF,YNDDADTDF,YNDDADUDF,YNDDADVDF,YNDDADWDF,YNDDADXDF,YNDDADYDF,YNDDADZDF,YNDDAEADF,YNDDAEBDF,YNDDAECDF,YNDDAEDDF,YNDDAEEDF,YNDDAEFDF,YNDDAEGDF,YNDDAEHDF,YNDDAEIDF,YNDDAEJDF,YNDDAEKDF,YNDDAELDF,YNDDAEMDF,YNDDAENDF,YNDDAEODF,YNDDAEPDF,YNDDAEQDF",,,YG-1,"3,8,40",Gold-P Drill,D1GP103,,,,,,Coloring,0,0,0,0,,HSS (M2),SD_drill_normal,Gold-P涂层 钻头 常规,Gold-P Drill Regular,grouped,grouped,,888888,,Enable,10,,1,4,4
GR-SD-D1GP103SET,GR-SD-D1GP103SET,"YNDDAERDF,YNDDAESDF",,,YG-1,"3,8,40",Gold-P Drill,D1GP103 Set,,,,,,Gold-P,0,#N/A,0,0,,HSS (M2),SD_drill_sets,Gold-P涂层 钻头套,Gold-P Drill Set,grouped,grouped,,888888,,Enable,10,,1,4,4
GR-SD-D2GP191,GR-SD-D2GP191,"YNDDAETDF,YNDDAEUDF,YNDDAEVDF,YNDDAEWDF,YNDDAEXDF,YNDDAEYDF,YNDDAEZDF,YNDDAFADF,YNDDAFBDF,YNDDAFCDF,YNDDAFDDF,YNDDAFEDF,YNDDAFFDF,YNDDAFGDF,YNDDAFHDF,YNDDAFIDF,YNDDAFJDF,YNDDAFKDF,YNDDAFLDF,YNDDAFMDF,YNDDAFNDF,YNDDAFODF,YNDDAFPDF,YNDDAFQDF,YNDDAFRDF,YNDDAFSDF,YNDDAFTDF,YNDDAFUDF,YNDDAFVDF,YNDDAFWDF,YNDDAFXDF,YNDDAFYDF,YNDDAFZDF,YNDDAGADF,YNDDAGBDF,YNDDAGCDF,YNDDAGDDF,YNDDAGEDF,YNDDAGFDF,YNDDAGGDF,YNDDAGHDF,YNDDAGIDF,YNDDAGJDF,YNDDAGKDF,YNDDAGLDF,YNDDAGMDF,YNDDAGNDF,YNDDAGODF,YNDDAGPDF,YNDDAGQDF,YNDDAGRDF,YNDDAGSDF,YNDDAGTDF,YNDDAGUDF,YNDDAGVDF,YNDDAGWDF,YNDDAGXDF,YNDDAGYDF,YNDDAGZDF,YNDDAHADF,YNDDAHBDF,YNDDAHCDF,YNDDAHDDF,YNDDAHEDF,YNDDAHFDF,YNDDAHGDF,YNDDAHHDF,YNDDAHIDF,YNDDAHJDF,YNDDAHKDF,YNDDAHLDF,YNDDAHMDF,YNDDAHNDF,YNDDAHODF,YNDDAHPDF,YNDDAHQDF,YNDDAHRDF,YNDDAHSDF,YNDDAHTDF,YNDDAHUDF,YNDDAHVDF,YNDDAHWDF,YNDDAHXDF,YNDDAHYDF,YNDDAHZDF,YNDDAIADF,YNDDAIBDF,YNDDAICDF,YNDDAIDDF,YNDDAIEDF,YNDDAIFDF,YNDDAIGDF,YNDDAIHDF,YNDDAIIDF,YNDDAIJDF,YNDDAIKDF,YNDDAILDF,YNDDAIMDF,YNDDAINDF,YNDDAIODF,YNDDAIPDF,YNDDAIQDF,YNDDAIRDF,YNDDAISDF,YNDDAITDF,YNDDAIUDF,YNDDAIVDF,YNDDAIWDF,YNDDAIXDF,YNDDAIYDF,YNDDAIZDF,YNDDAJADF,YNDDAJBDF,YNDDAJCDF,YNDDAJDDF,YNDDAJEDF,YNDDAJFDF,YNDDAJGDF,YNDDAJHDF,YNDDAJIDF,YNDDAJJDF",,,YG-1,"3,8,40",Gold-P Drill,D2GP191,,,,,,Gold-P,0,0,0,0,,HSS Co8 (M42),SD_drill_normal,Gold-P涂层 钻头 常规,Gold-P Drill Regular,grouped,grouped,,888888,,Enable,10,,1,4,4
GR-SD-D2GP191SET,GR-SD-D2GP191SET,"YNDDAJKDF,YNDDAJLDF",,,YG-1,"3,8,40",Gold-P Drill,D2GP191 Set,,,,,,Gold-P,0,#N/A,0,0,,HSS Co8 (M42),SD_drill_sets,Gold-P涂层 钻头套,Gold-P Drill Set,grouped,grouped,,888888,,Enable,10,,1,4,4
GR-SD-D4541,GR-SD-D4541,"YNDEAAADF,YNDEAABDF,YNDEAACDF,YNDEAADDF,YNDEAAEDF,YNDEAAFDF,YNDEAAGDF,YNDEAAHDF,YNDEAAIDF,YNDEAAJDF,YNDEAAKDF,YNDEAALDF,YNDEAAMDF,YNDEAANDF,YNDEAAODF,YNDEAAPDF,YNDEAAQDF,YNDEAARDF,YNDEAASDF,YNDEAATDF,YNDEAAUDF,YNDEAAVDF,YNDEAAWDF,YNDEAAXDF,YNDEAAYDF,YNDEAAZDF,YNDEABADF,YNDEABBDF,YNDEABCDF,YNDEABDDF,YNDEABEDF,YNDEABFDF,YNDEABGDF,YNDEABHDF,YNDEABIDF,YNDEABJDF,YNDEABKDF,YNDEABLDF,YNDEABMDF,YNDEABNDF,YNDEABODF,YNDEABPDF,YNDEABQDF,YNDEABRDF,YNDEABSDF,YNDEABTDF,YNDEABUDF,YNDEABVDF,YNDEABWDF,YNDEABXDF,YNDEABYDF,YNDEABZDF,YNDEACADF,YNDEACBDF,YNDEACCDF,YNDEACDDF,YNDEACEDF,YNDEACFDF,YNDEACGDF,YNDEACHDF,YNDEACIDF,YNDEACJDF,YNDEACKDF,YNDEACLDF,YNDEACMDF,YNDEACNDF,YNDEACODF,YNDEACPDF,YNDEACQDF,YNDEACRDF,YNDEACSDF,YNDEACTDF,YNDEACUDF,YNDEACVDF,YNDEACWDF,YNDEACXDF,YNDEACYDF,YNDEACZDF,YNDEADADF,YNDEADBDF,YNDEADCDF,YNDEADDDF,YNDEADEDF,YNDEADFDF,YNDEADGDF,YNDEADHDF,YNDEADIDF,YNDEADJDF,YNDEADKDF,YNDEADLDF,YNDEADMDF,YNDEADNDF,YNDEADODF,YNDEADPDF,YNDEADQDF,YNDEADRDF,YNDEADSDF,YNDEADTDF,YNDEADUDF,YNDEADVDF,YNDEADWDF,YNDEADXDF,YNDEADYDF,YNDEADZDF,YNDEAEADF,YNDEAEBDF,YNDEAECDF,YNDEAEDDF,YNDEAEEDF,YNDEAEFDF,YNDEAEGDF,YNDEAEHDF,YNDEAEIDF,YNDEAEJDF,YNDEAEKDF,YNDEAELDF,YNDEAEMDF,YNDEAENDF,YNDEAEODF,YNDEAEPDF,YNDEAEQDF,YNDEAERDF,YNDEAESDF,YNDEAETDF,YNDEAEUDF,YNDEAEVDF,YNDEAEWDF,YNDEAEXDF,YNDEAEYDF,YNDEAEZDF,YNDEAFADF,YNDEAFBDF,YNDEAFCDF,YNDEAFDDF,YNDEAFEDF,YNDEAFFDF,YNDEAFGDF,YNDEAFHDF,YNDEAFIDF,YNDEAFJDF,YNDEAFKDF,YNDEAFLDF,YNDEAFMDF,YNDEAFNDF,YNDEAFODF,YNDEAFPDF,YNDEAFQDF,YNDEAFRDF,YNDEAFSDF,YNDEAFTDF,YNDEAFUDF,YNDEAFVDF,YNDEAFWDF,YNDEAFXDF,YNDEAFYDF,YNDEAFZDF,YNDEAGADF,YNDEAGBDF,YNDEAGCDF,YNDEAGDDF,YNDEAGEDF,YNDEAGFDF,YNDEAGGDF,YNDEAGHDF,YNDEAGIDF,YNDEAGJDF,YNDEAGKDF,YNDEAGLDF,YNDEAGMDF,YNDEAGNDF,YNDEAGODF,YNDEAGPDF,YNDEAGQDF",,,YG-1,"3,8,58",HPD Drill,D4541,,,,,,TiN,0,0,0,0,,Premium Cobalt HSS,SD_drill_normal,HPD 钻头 超短(TiN涂层),HPD Drill Stub(TiN),grouped,grouped,,888888,,Enable,10,,1,4,4
GR-SD-D4542,GR-SD-D4542,"YNDEAGRDF,YNDEAGSDF,YNDEAGTDF,YNDEAGUDF,YNDEAGVDF,YNDEAGWDF,YNDEAGXDF,YNDEAGYDF,YNDEAGZDF,YNDEAHADF,YNDEAHBDF,YNDEAHCDF,YNDEAHDDF,YNDEAHEDF,YNDEAHFDF,YNDEAHGDF,YNDEAHHDF,YNDEAHIDF,YNDEAHJDF,YNDEAHKDF,YNDEAHLDF,YNDEAHMDF,YNDEAHNDF,YNDEAHODF,YNDEAHPDF,YNDEAHQDF,YNDEAHRDF,YNDEAHSDF,YNDEAHTDF,YNDEAHUDF,YNDEAHVDF,YNDEAHWDF,YNDEAHXDF,YNDEAHYDF,YNDEAHZDF,YNDEAIADF,YNDEAIBDF,YNDEAICDF,YNDEAIDDF,YNDEAIEDF,YNDEAIFDF,YNDEAIGDF,YNDEAIHDF,YNDEAIIDF,YNDEAIJDF,YNDEAIKDF,YNDEAILDF,YNDEAIMDF,YNDEAINDF,YNDEAIODF,YNDEAIPDF,YNDEAIQDF,YNDEAIRDF,YNDEAISDF,YNDEAITDF,YNDEAIUDF,YNDEAIVDF,YNDEAIWDF,YNDEAIXDF,YNDEAIYDF,YNDEAIZDF,YNDEAJADF,YNDEAJBDF,YNDEAJCDF,YNDEAJDDF,YNDEAJEDF,YNDEAJFDF,YNDEAJGDF,YNDEAJHDF,YNDEAJIDF,YNDEAJJDF,YNDEAJKDF,YNDEAJLDF,YNDEAJMDF,YNDEAJNDF,YNDEAJODF,YNDEAJPDF,YNDEAJQDF,YNDEAJRDF,YNDEAJSDF,YNDEAJTDF,YNDEAJUDF,YNDEAJVDF,YNDEAJWDF,YNDEAJXDF,YNDEAJYDF,YNDEAJZDF,YNDEAKADF,YNDEAKBDF,YNDEAKCDF,YNDEAKDDF,YNDEAKEDF,YNDEAKFDF,YNDEAKGDF,YNDEAKHDF,YNDEAKIDF,YNDEAKJDF,YNDEAKKDF,YNDEAKLDF,YNDEAKMDF,YNDEAKNDF,YNDEAKODF,YNDEAKPDF,YNDEAKQDF,YNDEAKRDF,YNDEAKSDF,YNDEAKTDF,YNDEAKUDF,YNDEAKVDF,YNDEAKWDF,YNDEAKXDF,YNDEAKYDF,YNDEAKZDF,YNDEALADF,YNDEALBDF,YNDEALCDF,YNDEALDDF,YNDEALEDF,YNDEALFDF,YNDEALGDF,YNDEALHDF,YNDEALIDF,YNDEALJDF,YNDEALKDF,YNDEALLDF,YNDEALMDF,YNDEALNDF,YNDEALODF,YNDEALPDF,YNDEALQDF,YNDEALRDF,YNDEALSDF,YNDEALTDF,YNDEALUDF,YNDEALVDF,YNDEALWDF,YNDEALXDF,YNDEALYDF,YNDEALZDF,YNDEAMADF,YNDEAMBDF,YNDEAMCDF,YNDEAMDDF,YNDEAMEDF,YNDEAMFDF,YNDEAMGDF,YNDEAMHDF,YNDEAMIDF,YNDEAMJDF,YNDEAMKDF,YNDEAMLDF,YNDEAMMDF,YNDEAMNDF,YNDEAMODF,YNDEAMPDF,YNDEAMQDF,YNDEAMRDF,YNDEAMSDF,YNDEAMTDF,YNDEAMUDF,YNDEAMVDF,YNDEAMWDF,YNDEAMXDF,YNDEAMYDF,YNDEAMZDF,YNDEANADF,YNDEANBDF,YNDEANCDF,YNDEANDDF,YNDEANEDF,YNDEANFDF,YNDEANGDF,YNDEANHDF,YNDEANIDF,YNDEANJDF,YNDEANKDF,YNDEANLDF,YNDEANMDF,YNDEANNDF,YNDEANODF,YNDEANPDF,YNDEANQDF,YNDEANRDF,YNDEANSDF,YNDEANTDF,YNDEANUDF,YNDEANVDF,YNDEANWDF,YNDEANXDF,YNDEANYDF,YNDEANZDF,YNDEAOADF,YNDEAOBDF,YNDEAOCDF,YNDEAODDF,YNDEAOEDF,YNDEAOFDF,YNDEAOGDF,YNDEAOHDF,YNDEAOIDF,YNDEAOJDF,YNDEAOKDF,YNDEAOLDF,YNDEAOMDF,YNDEAONDF,YNDEAOODF,YNDEAOPDF,YNDEAOQDF,YNDEAORDF,YNDEAOSDF,YNDEAOTDF,YNDEAOUDF,YNDEAOVDF,YNDEAOWDF,YNDEAOXDF,YNDEAOYDF,YNDEAOZDF,YNDEAPADF,YNDEAPBDF,YNDEAPCDF,YNDEAPDDF,YNDEAPEDF,YNDEAPFDF,YNDEAPGDF,YNDEAPHDF,YNDEAPIDF,YNDEAPJDF,YNDEAPKDF,YNDEAPLDF,YNDEAPMDF,YNDEAPNDF,YNDEAPODF,YNDEAPPDF,YNDEAPQDF,YNDEAPRDF,YNDEAPSDF,YNDEAPTDF,YNDEAPUDF,YNDEAPVDF,YNDEAPWDF,YNDEAPXDF,YNDEAPYDF,YNDEAPZDF,YNDEAQADF,YNDEAQBDF,YNDEAQCDF,YNDEAQDDF,YNDEAQEDF,YNDEAQFDF",,,YG-1,"3,8,58",HPD Drill,D4542,,,,,,TiN,0,0,0,0,,Premium Cobalt HSS,SD_drill_normal,HPD 钻头 细长(TiN涂层),HPD Drill Jobber(TiN),grouped,grouped,,888888,,Enable,10,,1,4,4
GR-SD-DJ543,GR-SD-DJ543,"YNDEAQGDF,YNDEAQHDF,YNDEAQIDF,YNDEAQJDF,YNDEAQKDF,YNDEAQLDF,YNDEAQMDF,YNDEAQNDF,YNDEAQODF,YNDEAQPDF,YNDEAQQDF,YNDEAQRDF,YNDEAQSDF,YNDEAQTDF,YNDEAQUDF,YNDEAQVDF,YNDEAQWDF,YNDEAQXDF,YNDEAQYDF,YNDEAQZDF,YNDEARADF,YNDEARBDF,YNDEARCDF,YNDEARDDF,YNDEAREDF,YNDEARFDF,YNDEARGDF,YNDEARHDF,YNDEARIDF,YNDEARJDF,YNDEARKDF,YNDEARLDF,YNDEARMDF,YNDEARNDF,YNDEARODF,YNDEARPDF,YNDEARQDF,YNDEARRDF,YNDEARSDF,YNDEARTDF,YNDEARUDF,YNDEARVDF,YNDEARWDF,YNDEARXDF,YNDEARYDF,YNDEARZDF,YNDEASADF,YNDEASBDF,YNDEASCDF,YNDEASDDF,YNDEASEDF,YNDEASFDF,YNDEASGDF,YNDEASHDF,YNDEASIDF,YNDEASJDF,YNDEASKDF,YNDEASLDF,YNDEASMDF,YNDEASNDF,YNDEASODF,YNDEASPDF,YNDEASQDF,YNDEASRDF,YNDEASSDF,YNDEASTDF,YNDEASUDF,YNDEASVDF,YNDEASWDF,YNDEASXDF,YNDEASYDF,YNDEASZDF,YNDEATADF,YNDEATBDF,YNDEATCDF,YNDEATDDF,YNDEATEDF,YNDEATFDF,YNDEATGDF,YNDEATHDF,YNDEATIDF,YNDEATJDF,YNDEATKDF,YNDEATLDF,YNDEATMDF,YNDEATNDF,YNDEATODF,YNDEATPDF,YNDEATQDF,YNDEATRDF,YNDEATSDF,YNDEATTDF,YNDEATUDF,YNDEATVDF,YNDEATWDF,YNDEATXDF,YNDEATYDF,YNDEATZDF,YNDEAUADF,YNDEAUBDF,YNDEAUCDF,YNDEAUDDF,YNDEAUEDF,YNDEAUFDF,YNDEAUGDF,YNDEAUHDF,YNDEAUIDF,YNDEAUJDF,YNDEAUKDF,YNDEAULDF,YNDEAUMDF",,,YG-1,"3,8,58",HPD Drill,DJ543,,,,,,TiN,0,0,0,0,,HSS-EX,SD_drill_normal,HPD 钻头 超短(TiN涂层),HPD Drill Stub(TiN),grouped,grouped,,888888,,Enable,10,,1,4,4
GR-SD-DJ544,GR-SD-DJ544,"YNDEAUNDF,YNDEAUODF,YNDEAUPDF,YNDEAUQDF,YNDEAURDF,YNDEAUSDF,YNDEAUTDF,YNDEAUUDF,YNDEAUVDF,YNDEAUWDF,YNDEAUXDF,YNDEAUYDF,YNDEAUZDF,YNDEAVADF,YNDEAVBDF,YNDEAVCDF,YNDEAVDDF,YNDEAVEDF,YNDEAVFDF,YNDEAVGDF,YNDEAVHDF,YNDEAVIDF,YNDEAVJDF,YNDEAVKDF,YNDEAVLDF,YNDEAVMDF,YNDEAVNDF,YNDEAVODF,YNDEAVPDF,YNDEAVQDF,YNDEAVRDF,YNDEAVSDF,YNDEAVTDF,YNDEAVUDF,YNDEAVVDF,YNDEAVWDF,YNDEAVXDF,YNDEAVYDF,YNDEAVZDF,YNDEAWADF,YNDEAWBDF,YNDEAWCDF,YNDEAWDDF,YNDEAWEDF,YNDEAWFDF,YNDEAWGDF,YNDEAWHDF,YNDEAWIDF,YNDEAWJDF,YNDEAWKDF,YNDEAWLDF,YNDEAWMDF,YNDEAWNDF,YNDEAWODF,YNDEAWPDF,YNDEAWQDF,YNDEAWRDF,YNDEAWSDF,YNDEAWTDF,YNDEAWUDF,YNDEAWVDF,YNDEAWWDF,YNDEAWXDF,YNDEAWYDF,YNDEAWZDF,YNDEAXADF,YNDEAXBDF,YNDEAXCDF,YNDEAXDDF,YNDEAXEDF,YNDEAXFDF,YNDEAXGDF,YNDEAXHDF,YNDEAXIDF,YNDEAXJDF,YNDEAXKDF,YNDEAXLDF,YNDEAXMDF,YNDEAXNDF,YNDEAXODF,YNDEAXPDF,YNDEAXQDF,YNDEAXRDF,YNDEAXSDF,YNDEAXTDF,YNDEAXUDF,YNDEAXVDF,YNDEAXWDF,YNDEAXXDF,YNDEAXYDF,YNDEAXZDF,YNDEAYADF,YNDEAYBDF,YNDEAYCDF,YNDEAYDDF,YNDEAYEDF,YNDEAYFDF,YNDEAYGDF,YNDEAYHDF,YNDEAYIDF,YNDEAYJDF,YNDEAYKDF,YNDEAYLDF,YNDEAYMDF,YNDEAYNDF,YNDEAYODF,YNDEAYPDF,YNDEAYQDF,YNDEAYRDF,YNDEAYSDF,YNDEAYTDF,YNDEAYUDF,YNDEAYVDF,YNDEAYWDF,YNDEAYXDF,YNDEAYYDF,YNDEAYZDF,YNDEAZADF,YNDEAZBDF,YNDEAZCDF,YNDEAZDDF,YNDEAZEDF,YNDEAZFDF,YNDEAZGDF,YNDEAZHDF,YNDEAZIDF,YNDEAZJDF,YNDEAZKDF,YNDEAZLDF",,,YG-1,"3,8,58",HPD Drill,DJ544,,,,,,TiN,0,0,0,0,,HSS-EX,SD_drill_normal,HPD 钻头 细长(TiN涂层),HPD Drill Jobber(TiN),grouped,grouped,,888888,,Enable,10,,1,4,4
GR-SD-D1105,GR-SD-D1105,"YNDFAAADF,YNDFAABDF,YNDFAACDF,YNDFAADDF,YNDFAAEDF,YNDFAAFDF,YNDFAAGDF,YNDFAAHDF,YNDFAAIDF,YNDFAAJDF,YNDFAAKDF,YNDFAALDF,YNDFAAMDF,YNDFAANDF,YNDFAAODF,YNDFAAPDF,YNDFAAQDF,YNDFAARDF,YNDFAASDF,YNDFAATDF,YNDFAAUDF,YNDFAAVDF,YNDFAAWDF,YNDFAAXDF,YNDFAAYDF,YNDFAAZDF,YNDFABADF,YNDFABBDF,YNDFABCDF,YNDFABDDF,YNDFABEDF,YNDFABFDF,YNDFABGDF,YNDFABHDF,YNDFABIDF,YNDFABJDF,YNDFABKDF,YNDFABLDF,YNDFABMDF,YNDFABNDF,YNDFABODF,YNDFAWQDF,YNDFAWRDF,YNDFAWSDF,YNDFAWTDF,YNDFAWUDF,YNDFAWVDF,YNDFAWWDF,YNDFAWXDF,YNDFAWYDF,YNDFAWZDF,YNDFAXADF,YNDFAXBDF,YNDFAXCDF,YNDFAXDDF,YNDFAXEDF,YNDFAXFDF,YNDFAXGDF,YNDFAXHDF,YNDFAXIDF,YNDFAXJDF,YNDFAXKDF,YNDFAXLDF,YNDFAXMDF,YNDFAXNDF,YNDFAXODF,YNDFAXPDF,YNDFAXQDF,YNDFAXRDF,YNDFAXSDF,YNDFAXTDF,YNDFAXUDF,YNDFAXVDF,YNDFAXWDF,YNDFAXXDF,YNDFAXYDF,YNDFAXZDF,YNDFAYADF,YNDFAYBDF,YNDFAYCDF,YNDFAYDDF,YNDFAYEDF,YNDFAYFDF,YNDFAYGDF,YNDFAYHDF,YNDFAYIDF,YNDFAYJDF,YNDFAYKDF,YNDFAYLDF,YNDFAYMDF,YNDFAYNDF,YNDFAYODF,YNDFAYPDF,YNDFAYQDF,YNDFAYRDF,YNDFAYSDF,YNDFAYTDF,YNDFAYUDF,YNDFAYVDF,YNDFAYWDF,YNDFAYXDF,YNDFAYYDF,YNDFAYZDF,YNDFAZADF,YNDFAZBDF,YNDFAZCDF,YNDFAZDDF,YNDFAZEDF,YNDFAZFDF,YNDFAZGDF,YNDFAZHDF,YNDFAZIDF,YNDFAZJDF,YNDFAZKDF,YNDFAZLDF,YNDFAZMDF,YNDFAZNDF,YNDFAZODF,YNDFAZPDF,YNDFAZQDF,YNDFAZRDF,YNDFAZSDF,YNDFAZTDF,YNDFAZUDF,YNDFAZVDF,YNDFAZWDF,YNDFAZXDF,YNDFAZYDF,YNDFAZZDF,YNDFBAADF,YNDFBABDF,YNDFBACDF,YNDFBADDF,YNDFBAEDF,YNDFBAFDF,YNDFBAGDF,YNDFBAHDF,YNDFBAIDF,YNDFBAJDF,YNDFBAKDF,YNDFBALDF,YNDFBAMDF,YNDFBANDF,YNDFBAODF,YNDFBAPDF,YNDFBAQDF,YNDFBARDF,YNDFBASDF,YNDFBATDF,YNDFBAUDF,YNDFBAVDF,YNDFBAWDF,YNDFBAXDF,YNDFBAYDF,YNDFBAZDF,YNDFBBADF,YNDFBBBDF,YNDFBBCDF,YNDFBBDDF,YNDFBBEDF,YNDFBBFDF,YNDFBBGDF,YNDFBBHDF,YNDFBBIDF,YNDFBBJDF,YNDFBBKDF,YNDFBBLDF,YNDFBBMDF,YNDFBBNDF,YNDFBBODF,YNDFBBPDF,YNDFBBQDF,YNDFBBRDF,YNDFBBSDF,YNDFBBTDF,YNDFBBUDF,YNDFBBVDF,YNDFBBWDF,YNDFBBXDF,YNDFBBYDF,YNDFBBZDF,YNDFBCADF,YNDFBCBDF,YNDFBCCDF,YNDFBCDDF,YNDFBCEDF,YNDFBCFDF,YNDFBCGDF,YNDFBCHDF,YNDFBCIDF,YNDFBCJDF,YNDFBCKDF,YNDFBCLDF,YNDFBCMDF,YNDFBCNDF,YNDFBCODF,YNDFBCPDF,YNDFBCQDF,YNDFBCRDF,YNDFBCSDF,YNDFBCTDF,YNDFBCUDF,YNDFBCVDF,YNDFBCWDF,YNDFBCXDF,YNDFBCYDF,YNDFBCZDF,YNDFBDADF,YNDFBDBDF,YNDFBDCDF,YNDFBDDDF,YNDFBDEDF,YNDFBDFDF,YNDFBDGDF,YNDFBDHDF,YNDFBDIDF,YNDFBDJDF,YNDFBDKDF,YNDFBDLDF,YNDFBDMDF,YNDFBDNDF,YNDFBDODF,YNDFBDPDF,YNDFBDQDF,YNDFBDRDF,YNDFBDSDF,YNDFBDTDF,YNDFBDUDF,YNDFBDVDF,YNDFBDWDF,YNDFBDXDF,YNDFBDYDF,YNDFBDZDF,YNDFBEADF,YNDFBEBDF,YNDFBECDF,YNDFBEDDF,YNDFBEEDF,YNDFBEFDF,YNDFBEGDF,YNDFBEHDF,YNDFBEIDF,YNDFBEJDF,YNDFBEKDF,YNDFBELDF,YNDFBEMDF,YNDFBENDF,YNDFBEODF,YNDFBEPDF,YNDFBEQDF,YNDFBERDF,YNDFBESDF,YNDFBETDF,YNDFBEUDF,YNDFBEVDF,YNDFBEWDF,YNDFBEXDF,YNDFBEYDF,YNDFBEZDF,YNDFBFADF,YNDFBFBDF,YNDFBFCDF,YNDFBFDDF,YNDFBFEDF,YNDFBFFDF,YNDFBFGDF,YNDFBFHDF,YNDFBFIDF,YNDFBFJDF,YNDFBFKDF,YNDFBFLDF,YNDFBFMDF,YNDFBFNDF,YNDFBFODF,YNDFBFPDF,YNDFBFQDF,YNDFBFRDF",,,YG-1,"3,8,59",HSS Straight Shank Drill,D1105,,,,,,Steam Homo,0,0,0,0,,HSS (M2),SD_drill_normal,HSS(M2) 细长 直柄钻头,HSS(M2) Jobber SS Drill,grouped,grouped,,888888,,Enable,10,,1,4,4
GR-SD-D1100,GR-SD-D1100,"YNDFABPDF,YNDFABQDF,YNDFABRDF,YNDFABSDF,YNDFABTDF,YNDFABUDF,YNDFABVDF,YNDFABWDF,YNDFABXDF,YNDFABYDF,YNDFABZDF,YNDFACADF,YNDFACBDF,YNDFACCDF,YNDFACDDF,YNDFACEDF,YNDFACFDF,YNDFACGDF,YNDFACHDF,YNDFACIDF,YNDFACJDF,YNDFACKDF,YNDFACLDF,YNDFACMDF,YNDFACNDF,YNDFACODF,YNDFACPDF,YNDFACQDF,YNDFACRDF,YNDFACSDF,YNDFACTDF,YNDFACUDF,YNDFACVDF,YNDFACWDF,YNDFACXDF,YNDFACYDF,YNDFACZDF,YNDFADADF,YNDFADBDF,YNDFADCDF,YNDFADDDF,YNDFADEDF,YNDFADFDF,YNDFADGDF,YNDFADHDF,YNDFADIDF,YNDFADJDF,YNDFADKDF,YNDFADLDF,YNDFADMDF,YNDFADNDF,YNDFADODF,YNDFADPDF,YNDFADQDF,YNDFADRDF,YNDFADSDF,YNDFADTDF,YNDFADUDF,YNDFADVDF,YNDFADWDF,YNDFADXDF,YNDFADYDF,YNDFADZDF,YNDFAEADF,YNDFAEBDF,YNDFAECDF,YNDFAEDDF,YNDFAEEDF,YNDFAEFDF,YNDFAEGDF,YNDFAEHDF,YNDFAEIDF,YNDFAEJDF,YNDFAEKDF,YNDFAELDF,YNDFAEMDF,YNDFAENDF,YNDFAEODF,YNDFAEPDF,YNDFAEQDF,YNDFAERDF,YNDFAESDF,YNDFAETDF,YNDFAEUDF,YNDFAEVDF,YNDFAEWDF,YNDFAEXDF,YNDFAEYDF,YNDFAEZDF,YNDFAFADF,YNDFAFBDF,YNDFAFCDF",,,YG-1,"3,8,59",HSS Straight Shank Drill,D1100,,,,,,Bright,0,0,0,0,,HSS (M2),SD_drill_normal,HSS(M2) 细长 直柄钻头 光亮色 DIN 338/H,HSS(M2) Jobber Straight Shank Drill Bright DIN 338/H,grouped,grouped,,888888,,Enable,10,,1,4,4
GR-SD-D1101,GR-SD-D1101,"YNDFAFDDF,YNDFAFEDF,YNDFAFFDF,YNDFAFGDF,YNDFAFHDF,YNDFAFIDF,YNDFAFJDF,YNDFAFKDF,YNDFAFLDF,YNDFAFMDF,YNDFAFNDF,YNDFAFODF,YNDFAFPDF,YNDFAFQDF,YNDFAFRDF,YNDFAFSDF,YNDFAFTDF,YNDFAFUDF,YNDFAFVDF,YNDFAFWDF,YNDFAFXDF,YNDFAFYDF,YNDFAFZDF,YNDFAGADF,YNDFAGBDF,YNDFAGCDF,YNDFAGDDF,YNDFAGEDF,YNDFAGFDF,YNDFAGGDF,YNDFAGHDF,YNDFAGIDF,YNDFAGJDF,YNDFAGKDF,YNDFAGLDF,YNDFAGMDF,YNDFAGNDF,YNDFAGODF,YNDFAGPDF,YNDFAGQDF,YNDFAGRDF,YNDFAGSDF,YNDFAGTDF,YNDFAGUDF,YNDFAGVDF,YNDFAGWDF,YNDFAGXDF,YNDFAGYDF,YNDFAGZDF,YNDFAHADF,YNDFAHBDF,YNDFAHCDF,YNDFAHDDF,YNDFAHEDF,YNDFAHFDF,YNDFAHGDF,YNDFAHHDF,YNDFAHIDF,YNDFAHJDF,YNDFAHKDF,YNDFAHLDF,YNDFAHMDF,YNDFAHNDF,YNDFAHODF,YNDFAHPDF,YNDFAHQDF,YNDFAHRDF,YNDFAHSDF,YNDFAHTDF,YNDFAHUDF,YNDFAHVDF,YNDFAHWDF,YNDFAHXDF,YNDFAHYDF,YNDFAHZDF,YNDFAIADF,YNDFAIBDF,YNDFAICDF,YNDFAIDDF,YNDFAIEDF,YNDFAIFDF,YNDFAIGDF,YNDFAIHDF,YNDFAIIDF,YNDFAIJDF,YNDFAIKDF,YNDFAILDF,YNDFAIMDF,YNDFAINDF,YNDFAIODF,YNDFAIPDF,YNDFAIQDF,YNDFAIRDF,YNDFAISDF,YNDFAITDF,YNDFAIUDF,YNDFAIVDF,YNDFAIWDF,YNDFAIXDF,YNDFAIYDF,YNDFAIZDF,YNDFAJADF,YNDFAJBDF,YNDFAJCDF,YNDFAJDDF,YNDFAJEDF,YNDFAJFDF,YNDFAJGDF,YNDFAJHDF,YNDFAJIDF,YNDFAJJDF,YNDFAJKDF,YNDFAJLDF,YNDFAJMDF,YNDFAJNDF,YNDFAJODF,YNDFAJPDF,YNDFAJQDF,YNDFAJRDF,YNDFAJSDF,YNDFAJTDF",,,YG-1,"3,8,59",HSS Straight Shank Drill,D1101,,,,,,Bright,0,0,0,0,,HSS (M2),SD_drill_normal,HSS(M2) 常规 直柄钻头,HSS(M2) Regular Straight Shank Drill,grouped,grouped,,888888,,Enable,10,,1,4,4
GR-SD-D1106,GR-SD-D1106,"YNDFAJUDF,YNDFAJVDF,YNDFAJWDF,YNDFAJXDF,YNDFAJYDF,YNDFAJZDF,YNDFAKADF,YNDFAKBDF,YNDFAKCDF,YNDFAKDDF,YNDFAKEDF,YNDFAKFDF,YNDFAKGDF,YNDFAKHDF,YNDFAKIDF,YNDFAKJDF,YNDFAKKDF,YNDFAKLDF,YNDFAKMDF,YNDFAKNDF,YNDFAKODF,YNDFAKPDF,YNDFAKQDF,YNDFAKRDF,YNDFAKSDF,YNDFAKTDF,YNDFAKUDF,YNDFAKVDF,YNDFAKWDF,YNDFAKXDF,YNDFAKYDF,YNDFAKZDF,YNDFALADF,YNDFALBDF,YNDFALCDF,YNDFALDDF,YNDFALEDF,YNDFALFDF,YNDFALGDF,YNDFALHDF,YNDFALIDF,YNDFALJDF,YNDFALKDF,YNDFALLDF,YNDFALMDF,YNDFALNDF,YNDFALODF,YNDFALPDF,YNDFALQDF,YNDFALRDF,YNDFALSDF,YNDFALTDF,YNDFALUDF,YNDFALVDF,YNDFALWDF,YNDFALXDF,YNDFALYDF,YNDFALZDF,YNDFAMADF,YNDFAMBDF,YNDFAMCDF,YNDFAMDDF,YNDFAMEDF,YNDFAMFDF,YNDFAMGDF,YNDFAMHDF,YNDFAMIDF,YNDFAMJDF,YNDFAMKDF,YNDFAMLDF,YNDFAMMDF,YNDFAMNDF,YNDFAMODF,YNDFAMPDF,YNDFAMQDF,YNDFAMRDF,YNDFAMSDF,YNDFAMTDF,YNDFAMUDF,YNDFAMVDF,YNDFAMWDF,YNDFAMXDF,YNDFAMYDF,YNDFAMZDF,YNDFANADF,YNDFANBDF,YNDFANCDF,YNDFANDDF,YNDFANEDF,YNDFANFDF,YNDFANGDF,YNDFANHDF",,,YG-1,"3,8,59",HSS Straight Shank Drill,D1106,,,,,,Bright,0,0,0,0,,HSS (M2),SD_drill_normal,HSS(M2) 细长 直柄钻头 光亮色 DIN 338/W,HSS(M2) Jobber Straight Shank Drill Bright DIN 338/W,grouped,grouped,,888888,,Enable,10,,1,4,4
GR-SD-D1107,GR-SD-D1107,"YNDFANIDF,YNDFANJDF,YNDFANKDF,YNDFANLDF,YNDFANMDF,YNDFANNDF,YNDFANODF,YNDFANPDF,YNDFANQDF,YNDFANRDF,YNDFANSDF,YNDFANTDF,YNDFANUDF,YNDFANVDF,YNDFANWDF,YNDFANXDF,YNDFANYDF,YNDFANZDF,YNDFAOADF,YNDFAOBDF,YNDFAOCDF,YNDFAODDF,YNDFAOEDF,YNDFAOFDF,YNDFAOGDF,YNDFAOHDF,YNDFAOIDF,YNDFAOJDF,YNDFAOKDF,YNDFAOLDF,YNDFAOMDF,YNDFAONDF,YNDFAOODF,YNDFAOPDF,YNDFAOQDF,YNDFAORDF,YNDFAOSDF,YNDFAOTDF,YNDFAOUDF,YNDFAOVDF,YNDFAOWDF,YNDFAOXDF,YNDFAOYDF,YNDFAOZDF,YNDFAPADF,YNDFAPBDF,YNDFAPCDF,YNDFAPDDF,YNDFAPEDF,YNDFAPFDF,YNDFAPGDF,YNDFAPHDF,YNDFAPIDF,YNDFAPJDF,YNDFAPKDF,YNDFAPLDF,YNDFAPMDF,YNDFAPNDF,YNDFAPODF,YNDFAPPDF,YNDFAPQDF,YNDFAPRDF,YNDFAPSDF,YNDFAPTDF,YNDFAPUDF,YNDFAPVDF,YNDFAPWDF,YNDFAPXDF,YNDFAPYDF,YNDFAPZDF,YNDFAQADF,YNDFAQBDF,YNDFAQCDF,YNDFAQDDF,YNDFAQEDF,YNDFAQFDF,YNDFAQGDF,YNDFAQHDF,YNDFAQIDF,YNDFAQJDF,YNDFAQKDF,YNDFAQLDF,YNDFAQMDF,YNDFAQNDF,YNDFAQODF,YNDFAQPDF,YNDFAQQDF,YNDFAQRDF,YNDFAQSDF,YNDFAQTDF,YNDFAQUDF,YNDFAQVDF,YNDFAQWDF,YNDFAQXDF,YNDFAQYDF,YNDFAQZDF,YNDFARADF,YNDFARBDF,YNDFARCDF,YNDFARDDF,YNDFAREDF,YNDFARFDF,YNDFARGDF,YNDFARHDF,YNDFARIDF,YNDFARJDF,YNDFARKDF,YNDFARLDF,YNDFARMDF,YNDFARNDF,YNDFARODF,YNDFARPDF,YNDFARQDF,YNDFARRDF,YNDFARSDF,YNDFARTDF,YNDFARUDF,YNDFARVDF,YNDFARWDF,YNDFARXDF,YNDFARYDF",,,YG-1,"3,8,59",HSS Straight Shank Drill,D1107,,,,,,Bright,0,0,0,0,,HSS (M2),SD_drill_normal,HSS(M2) 超短 直柄钻头 DIN 1897,HSS(M2) Stub Straight Shank Drill DIN 1897,grouped,grouped,,888888,,Enable,10,,1,4,4
GR-SD-D1123,GR-SD-D1123,"YNDFARZDF,YNDFASADF,YNDFASBDF,YNDFASCDF,YNDFASDDF,YNDFASEDF,YNDFASFDF,YNDFASGDF,YNDFASHDF,YNDFASIDF,YNDFASJDF,YNDFASKDF,YNDFASLDF,YNDFASMDF,YNDFASNDF,YNDFASODF,YNDFASPDF,YNDFASQDF,YNDFASRDF,YNDFASSDF,YNDFASTDF,YNDFASUDF,YNDFASVDF,YNDFASWDF,YNDFASXDF,YNDFASYDF,YNDFASZDF,YNDFATADF,YNDFATBDF,YNDFATCDF,YNDFATDDF,YNDFATEDF,YNDFATFDF,YNDFATGDF,YNDFATHDF,YNDFATIDF,YNDFATJDF,YNDFATKDF,YNDFATLDF,YNDFATMDF,YNDFATNDF,YNDFATODF,YNDFATPDF,YNDFATQDF,YNDFATRDF,YNDFATSDF,YNDFATTDF,YNDFATUDF,YNDFATVDF,YNDFATWDF,YNDFATXDF,YNDFATYDF,YNDFATZDF,YNDFAUADF,YNDFAUBDF,YNDFAUCDF,YNDFAUDDF,YNDFAUEDF,YNDFAUFDF,YNDFAUGDF,YNDFAUHDF,YNDFAUIDF,YNDFAUJDF,YNDFAUKDF,YNDFAULDF,YNDFAUMDF,YNDFAUNDF,YNDFAUODF,YNDFAUPDF,YNDFAUQDF,YNDFAURDF,YNDFAUSDF,YNDFAUTDF,YNDFAUUDF,YNDFAUVDF,YNDFAUWDF,YNDFAUXDF,YNDFAUYDF,YNDFAUZDF,YNDFAVADF,YNDFAVBDF,YNDFAVCDF,YNDFAVDDF,YNDFAVEDF,YNDFAVFDF,YNDFAVGDF,YNDFAVHDF,YNDFAVIDF,YNDFAVJDF,YNDFAVKDF,YNDFAVLDF,YNDFAVMDF,YNDFAVNDF,YNDFAVODF,YNDFAVPDF,YNDFAVQDF,YNDFAVRDF,YNDFAVSDF,YNDFAVTDF,YNDFAVUDF,YNDFAVVDF,YNDFAVWDF,YNDFAVXDF,YNDFAVYDF,YNDFAVZDF,YNDFAWADF,YNDFAWBDF,YNDFAWCDF,YNDFAWDDF,YNDFAWEDF,YNDFAWFDF,YNDFAWGDF,YNDFAWHDF,YNDFAWIDF,YNDFAWJDF,YNDFAWKDF,YNDFAWLDF,YNDFAWMDF,YNDFAWNDF,YNDFAWODF,YNDFAWPDF",,,YG-1,"3,8,59",HSS Straight Shank Drill,D1123,,,,,,Bright,0,0,0,0,,HSS (M2),SD_drill_normal,HSS(M2) 常规 直柄钻头 光亮色,HSS(M2) Regular Straight Shank Drill Bright,grouped,grouped,,888888,,Enable,10,,1,4,4
GR-SD-D1121,GR-SD-D1121,"YNDFBFSDF,YNDFBFTDF,YNDFBFUDF,YNDFBFVDF,YNDFBFWDF,YNDFBFXDF,YNDFBFYDF,YNDFBFZDF,YNDFBGADF,YNDFBGBDF,YNDFBGCDF,YNDFBGDDF,YNDFBGEDF,YNDFBGFDF,YNDFBGGDF,YNDFBGHDF,YNDFBGIDF,YNDFBGJDF,YNDFBGKDF,YNDFBGLDF,YNDFBGMDF,YNDFBGNDF,YNDFBGODF,YNDFBGPDF,YNDFBGQDF,YNDFBGRDF,YNDFBGSDF,YNDFBGTDF,YNDFBGUDF,YNDFBGVDF,YNDFBGWDF,YNDFBGXDF,YNDFBGYDF,YNDFBGZDF,YNDFBHADF,YNDFBHBDF,YNDFBHCDF,YNDFBHDDF,YNDFBHEDF",,,YG-1,"3,8,59",HSS Straight Shank Drill,D1121,,,,,,Steam Homo,0,0,0,0,,HSS (M2),SD_drill_normal,HSS(M2) 超长 直柄钻头 氧化发黑处理 DIN 1869/1,HSS(M2) Ex-Long Straight Shank Drill Steam Homo DIN 1869/1,grouped,grouped,,888888,,Enable,10,,1,4,4
GR-SD-D1102,GR-SD-D1102,"YNDFBHFDF,YNDFBHGDF,YNDFBHHDF,YNDFBHIDF,YNDFBHJDF,YNDFBHKDF,YNDFBHLDF,YNDFBHMDF,YNDFBHNDF,YNDFBHODF,YNDFBHPDF,YNDFBHQDF,YNDFBHRDF,YNDFBHSDF,YNDFBHTDF,YNDFBHUDF,YNDFBHVDF,YNDFBHWDF,YNDFBHXDF,YNDFBHYDF,YNDFBHZDF,YNDFBIADF,YNDFBIBDF,YNDFBICDF,YNDFBIDDF,YNDFBIEDF,YNDFBIFDF,YNDFBIGDF,YNDFBIHDF,YNDFBIIDF,YNDFBIJDF,YNDFBIKDF,YNDFBILDF,YNDFBIMDF,YNDFBINDF,YNDFBIODF,YNDFBIPDF,YNDFBIQDF,YNDFBIRDF,YNDFBISDF,YNDFBITDF,YNDFBIUDF,YNDFBIVDF,YNDFBIWDF,YNDFBIXDF,YNDFBIYDF,YNDFBIZDF,YNDFBJADF,YNDFBJBDF,YNDFBJCDF,YNDFBJDDF,YNDFBJEDF,YNDFBJFDF,YNDFBJGDF,YNDFBJHDF,YNDFBJIDF,YNDFBJJDF,YNDFBJKDF,YNDFBJLDF,YNDFBJMDF,YNDFBJNDF,YNDFBJODF,YNDFBJPDF,YNDFBJQDF,YNDFBJRDF,YNDFBJSDF,YNDFBJTDF,YNDFBJUDF,YNDFBJVDF,YNDFBJWDF,YNDFBJXDF,YNDFBJYDF,YNDFBJZDF,YNDFBKADF,YNDFBKBDF,YNDFBKCDF,YNDFBKDDF,YNDFBKEDF,YNDFBKFDF,YNDFBKGDF,YNDFBKHDF,YNDFBKIDF,YNDFBKJDF,YNDFBKKDF,YNDFBKLDF,YNDFBKMDF,YNDFBKNDF,YNDFBKODF,YNDFBKPDF,YNDFBKQDF,YNDFBKRDF,YNDFBKSDF,YNDFBKTDF,YNDFBKUDF,YNDFBKVDF,YNDFBKWDF,YNDFBKXDF,YNDFBKYDF,YNDFBKZDF,YNDFBLADF,YNDFBLBDF,YNDFBLCDF,YNDFBLDDF,YNDFBLEDF,YNDFBLFDF,YNDFBLGDF,YNDFBLHDF,YNDFBLIDF,YNDFBLJDF,YNDFBLKDF,YNDFBLLDF,YNDFBLMDF,YNDFBLNDF,YNDFBLODF,YNDFBLPDF,YNDFBLQDF,YNDFBLRDF,YNDFBLSDF,YNDFBLTDF,YNDFBLUDF,YNDFBLVDF,YNDFBLWDF,YNDFBLXDF,YNDFBLYDF,YNDFBLZDF,YNDFBMADF,YNDFBMBDF,YNDFBMCDF,YNDFBMDDF,YNDFBMEDF,YNDFBMFDF,YNDFBMGDF,YNDFBMHDF,YNDFBMIDF,YNDFBMJDF,YNDFBMKDF,YNDFBMLDF,YNDFBMMDF,YNDFBMNDF,YNDFBMODF,YNDFBMPDF,YNDFBMQDF,YNDFBMRDF,YNDFBMSDF,YNDFBMTDF,YNDFBMUDF,YNDFBMVDF,YNDFBMWDF,YNDFBMXDF,YNDFBMYDF,YNDFBMZDF,YNDFBNADF,YNDFBNBDF,YNDFBNCDF,YNDFBNDDF,YNDFBNEDF,YNDFBNFDF,YNDFBNGDF,YNDFBNHDF,YNDFBNIDF,YNDFBNJDF,YNDFBNKDF,YNDFBNLDF,YNDFBNMDF,YNDFBNNDF,YNDFBNODF,YNDFBNPDF,YNDFBNQDF,YNDFBNRDF,YNDFBNSDF,YNDFBNTDF,YNDFBNUDF,YNDFBNVDF,YNDFBNWDF,YNDFBNXDF,YNDFBNYDF,YNDFBNZDF,YNDFBOADF,YNDFBOBDF,YNDFBOCDF,YNDFBODDF,YNDFBOEDF,YNDFBOFDF,YNDFBOGDF,YNDFBOHDF,YNDFBOIDF,YNDFBOJDF,YNDFBOKDF,YNDFBOLDF,YNDFBOMDF,YNDFBONDF,YNDFBOODF,YNDFBOPDF,YNDFBOQDF,YNDFBORDF,YNDFBOSDF,YNDFBOTDF,YNDFBOUDF,YNDFBOVDF,YNDFBOWDF,YNDFBOXDF,YNDFBOYDF,YNDFBOZDF,YNDFBPADF,YNDFBPBDF,YNDFBPCDF,YNDFBPDDF,YNDFBPEDF,YNDFBPFDF,YNDFBPGDF,YNDFBPHDF,YNDFBPIDF,YNDFBPJDF,YNDFBPKDF,YNDFBPLDF,YNDFBPMDF,YNDFBPNDF,YNDFBPODF,YNDFBPPDF,YNDFBPQDF,YNDFBPRDF,YNDFBPSDF,YNDFBPTDF,YNDFBPUDF,YNDFBPVDF,YNDFBPWDF,YNDFBPXDF,YNDFBPYDF,YNDFBPZDF,YNDFBQADF,YNDFBQBDF,YNDFBQCDF,YNDFBQDDF,YNDFBQEDF,YNDFBQFDF,YNDFBQGDF,YNDFBQHDF,YNDFBQIDF,YNDFBQJDF,YNDFBQKDF,YNDFBQLDF,YNDFBQMDF,YNDFBQNDF,YNDFBQODF,YNDFBQPDF,YNDFBQQDF,YNDFBQRDF,YNDFBQSDF,YNDFBQTDF,YNDFBQUDF,YNDFBQVDF,YNDFBQWDF,YNDFBQXDF,YNDFBQYDF,YNDFBQZDF,YNDFBRADF,YNDFBRBDF,YNDFBRCDF,YNDFBRDDF,YNDFBREDF,YNDFBRFDF,YNDFBRGDF,YNDFBRHDF,YNDFBRIDF,YNDFBRJDF,YNDFBRKDF,YNDFBRLDF,YNDFBRMDF,YNDFBRNDF,YNDFBRODF,YNDFBRPDF,YNDFBRQDF,YNDFBRRDF,YNDFBRSDF,YNDFBRTDF,YNDFBRUDF,YNDFBRVDF,YNDFBRWDF,YNDFBRXDF,YNDFBRYDF,YNDFBRZDF,YNDFBSADF,YNDFBSBDF,YNDFBSCDF,YNDFBSDDF,YNDFBSEDF,YNDFBSFDF,YNDFBSGDF,YNDFBSHDF,YNDFBSIDF,YNDFBSJDF,YNDFBSKDF,YNDFBSLDF,YNDFBSMDF,YNDFBSNDF,YNDFBSODF,YNDFBSPDF,YNDFBSQDF,YNDFBSRDF,YNDFBSSDF,YNDFBSTDF,YNDFBSUDF,YNDFBSVDF,YNDFBSWDF,YNDFBSXDF,YNDFBSYDF,YNDFBSZDF,YNDFBTADF,YNDFBTBDF,YNDFBTCDF,YNDFBTDDF,YNDFBTEDF,YNDFBTFDF,YNDFBTGDF,YNDFBTHDF,YNDFBTIDF,YNDFBTJDF,YNDFBTKDF,YNDFBTLDF,YNDFBTMDF,YNDFBTNDF,YNDFBTODF,YNDFBTPDF,YNDFBTQDF,YNDFBTRDF,YNDFBTSDF,YNDFBTTDF,YNDFBTUDF,YNDFBTVDF,YNDFBTWDF,YNDFBTXDF,YNDFBTYDF,YNDFBTZDF,YNDFBUADF,YNDFBUBDF,YNDFBUCDF,YNDFBUDDF,YNDFBUEDF,YNDFBUFDF,YNDFBUGDF,YNDFBUHDF,YNDFBUIDF,YNDFBUJDF,YNDFBUKDF,YNDFBULDF,YNDFBUMDF",,,YG-1,"3,8,59",HSS Straight Shank Drill,D1102,,,,,,Steam Homo,0,0,0,0,,HSS (M2),SD_drill_normal,HSS(M2) 长 直柄钻头,HSS(M2) LONG SS DRILL,grouped,grouped,,888888,,Enable,10,,1,4,4
GR-SD-DV301,GR-SD-DV301,"YNDBAAWDF,YNDBAAXDF,YNDBAAYDF,YNDBAAZDF,YNDBABADF,YNDBABBDF,YNDBABCDF",,,YG-1,"3,8,39",Center Drill,DV301,,,,,,0,1,0,120°,60°,,HSS-EX,SD_center_drill,HSS-EX 中心钻头 Form A,HSS-EX Center Drill Form A,grouped,grouped,,888888,,Enable,10,,1,4,4
GR-SD-DV304,GR-SD-DV304,"YNDBABDDF,YNDBABEDF,YNDBABFDF,YNDBABGDF,YNDBABHDF,YNDBABIDF,YNDBABJDF,YNDBABKDF,YNDBABLDF",,,YG-1,"3,8,39",Center Drill,DV304,,,,,,0,1,0,120°,60°,,HSS-EX,SD_center_drill,HSS-EX 长 中心钻头 Form A,HSS-EX Long Center Drill Form A,grouped,grouped,,888888,,Enable,10,,1,4,4
GR-SD-DV305,GR-SD-DV305,"YNDBABMDF,YNDBABNDF,YNDBABODF,YNDBABPDF,YNDBABQDF,YNDBABRDF",,,YG-1,"3,8,39",Center Drill,DV305,,,,,,0,1.9,0,120°,60°,,HSS-EX,SD_center_drill,HSS-EX 长 中心钻头 Form A,HSS-EX Long Center Drill Form A,grouped,grouped,,888888,,Enable,10,,1,4,4
GR-SD-DL109,GR-SD-DL109,"YNDFBUNDF,YNDFBUODF,YNDFBUPDF,YNDFBUQDF,YNDFBURDF,YNDFBUSDF,YNDFBUTDF,YNDFBUUDF,YNDFBUVDF,YNDFBUWDF,YNDFBUXDF,YNDFBUYDF,YNDFBUZDF,YNDFBVADF,YNDFBVBDF,YNDFBVCDF,YNDFBVDDF,YNDFBVEDF,YNDFBVFDF,YNDFBVGDF,YNDFBVHDF,YNDFBVIDF,YNDFBVJDF,YNDFBVKDF,YNDFBVLDF,YNDFBVMDF,YNDFBVNDF,YNDFBVODF,YNDFBVPDF,YNDFBVQDF,YNDFBVRDF,YNDFBVSDF,YNDFBVTDF,YNDFBVUDF,YNDFBVVDF,YNDFBVWDF,YNDFBVXDF,YNDFBVYDF,YNDFBVZDF,YNDFBWADF,YNDFBWBDF",,,YG-1,"3,8,39",HSS Straight Shank Drill,DL109,,,,,,Bright,0,0,0,0,,HSS Co5 (M35),SD_drill_normal,HSSCo5(M35) 细长 直柄钻头 光亮色 DIN 338/N,HSSCo5(M35) Jobber Straight Shank Drill Bright DIN 338/N,grouped,grouped,,888888,,Enable,10,,1,4,4
GR-SD-DL126,GR-SD-DL126,"YNDMAAADF,YNDMAABDF,YNDMAACDF,YNDMAADDF,YNDMAAEDF,YNDMAAFDF,YNDMAAGDF,YNDMAAHDF,YNDMAAIDF,YNDMAAJDF,YNDMAAKDF,YNDMAALDF,YNDMAAMDF,YNDMAANDF,YNDMAAODF,YNDMAAPDF,YNDMAAQDF,YNDMAARDF,YNDMAASDF,YNDMAATDF,YNDMAAUDF,YNDMAAVDF,YNDMAAWDF,YNDMAAXDF,YNDMAAYDF,YNDMAAZDF,YNDMABADF,YNDMABBDF,YNDMABCDF,YNDMABDDF,YNDMABEDF,YNDMABFDF,YNDMABGDF,YNDMABHDF,YNDMABIDF,YNDMABJDF,YNDMABKDF,YNDMABLDF,YNDMABMDF,YNDMABNDF,YNDMABODF,YNDMABPDF,YNDMABQDF,YNDMABRDF,YNDMABSDF,YNDMABTDF,YNDMABUDF,YNDMABVDF,YNDMABWDF,YNDMABXDF,YNDMABYDF,YNDMABZDF,YNDMACADF,YNDMACBDF,YNDMACCDF,YNDMACDDF,YNDMACEDF,YNDMACFDF,YNDMACGDF,YNDMACHDF,YNDMACIDF,YNDMACJDF,YNDMACKDF,YNDMACLDF,YNDMACMDF,YNDMACNDF,YNDMACODF,YNDMACPDF,YNDMACQDF,YNDMACRDF,YNDMACSDF,YNDMACTDF,YNDMACUDF,YNDMACVDF,YNDMACWDF,YNDMACXDF,YNDMACYDF,YNDMACZDF,YNDMADADF",,,YG-1,"3,8,65",Worm Pattern Drill,DL126,,,,,,Bright,0,0,0,0,,HSS Co5 (M35),SD_drill_normal,HSSCo5(M35) 超长 DH100-直柄钻头 光亮色,HSSCo5(M35) Ex-Long DH100 Type Straight Shank Drill Bright,grouped,grouped,,888888,,Enable,10,,1,4,4
GR-SD-DL505,GR-SD-DL505,"YNDMADBDF,YNDMADCDF,YNDMADDDF,YNDMADEDF,YNDMADFDF,YNDMADGDF,YNDMADHDF,YNDMADIDF,YNDMADJDF,YNDMADKDF,YNDMADLDF,YNDMADMDF,YNDMADNDF,YNDMADODF,YNDMADPDF,YNDMADQDF,YNDMADRDF,YNDMADSDF,YNDMADTDF,YNDMADUDF,YNDMADVDF,YNDMADWDF,YNDMADXDF,YNDMADYDF,YNDMADZDF,YNDMAEADF,YNDMAEBDF,YNDMAECDF,YNDMAEDDF,YNDMAEEDF,YNDMAEFDF,YNDMAEGDF,YNDMAEHDF,YNDMAEIDF,YNDMAEJDF,YNDMAEKDF,YNDMAELDF,YNDMAEMDF,YNDMAENDF,YNDMAEODF,YNDMAEPDF,YNDMAEQDF,YNDMAERDF,YNDMAESDF,YNDMAETDF,YNDMAEUDF,YNDMAEVDF,YNDMAEWDF,YNDMAEXDF,YNDMAEYDF,YNDMAEZDF,YNDMAFADF,YNDMAFBDF,YNDMAFCDF,YNDMAFDDF,YNDMAFEDF,YNDMAFFDF,YNDMAFGDF,YNDMAFHDF,YNDMAFIDF,YNDMAFJDF,YNDMAFKDF,YNDMAFLDF,YNDMAFMDF,YNDMAFNDF,YNDMAFODF,YNDMAFPDF,YNDMAFQDF,YNDMAFRDF,YNDMAFSDF,YNDMAFTDF,YNDMAFUDF,YNDMAFVDF,YNDMAFWDF,YNDMAFXDF,YNDMAFYDF,YNDMAFZDF,YNDMAGADF,YNDMAGBDF,YNDMAGCDF,YNDMAGDDF,YNDMAGEDF,YNDMAGFDF,YNDMAGGDF,YNDMAGHDF,YNDMAGIDF,YNDMAGJDF,YNDMAGKDF,YNDMAGLDF,YNDMAGMDF,YNDMAGNDF,YNDMAGODF,YNDMAGPDF,YNDMAGQDF",,,YG-1,"3,8,65",Worm Pattern Drill,DL505,,,,,,Steam Homo,0,0,0,0,,HSS Co5 (M35),SD_drill_normal,HSSCo5(M35) 细长 DH100-直柄钻头 氧化发黑处理 DIN 338,HSSCo5(M35) Jobber DH100 Type Straight Shank Drill Steam Homo DIN 338,grouped,grouped,,888888,,Enable,10,,1,4,4
GR-SD-DL507,GR-SD-DL507,"YNDMAGRDF,YNDMAGSDF,YNDMAGTDF,YNDMAGUDF,YNDMAGVDF,YNDMAGWDF,YNDMAGXDF,YNDMAGYDF,YNDMAGZDF,YNDMAHADF,YNDMAHBDF,YNDMAHCDF,YNDMAHDDF,YNDMAHEDF,YNDMAHFDF,YNDMAHGDF,YNDMAHHDF,YNDMAHIDF,YNDMAHJDF,YNDMAHKDF,YNDMAHLDF,YNDMAHMDF,YNDMAHNDF,YNDMAHODF,YNDMAHPDF,YNDMAHQDF,YNDMAHRDF,YNDMAHSDF,YNDMAHTDF,YNDMAHUDF,YNDMAHVDF,YNDMAHWDF,YNDMAHXDF,YNDMAHYDF,YNDMAHZDF,YNDMAIADF,YNDMAIBDF,YNDMAICDF,YNDMAIDDF,YNDMAIEDF,YNDMAIFDF,YNDMAIGDF,YNDMAIHDF,YNDMAIIDF,YNDMAIJDF,YNDMAIKDF,YNDMAILDF,YNDMAIMDF,YNDMAINDF,YNDMAIODF,YNDMAIPDF,YNDMAIQDF,YNDMAIRDF,YNDMAISDF,YNDMAITDF,YNDMAIUDF,YNDMAIVDF,YNDMAIWDF,YNDMAIXDF,YNDMAIYDF,YNDMAIZDF,YNDMAJADF,YNDMAJBDF,YNDMAJCDF,YNDMAJDDF,YNDMAJEDF,YNDMAJFDF,YNDMAJGDF,YNDMAJHDF,YNDMAJIDF,YNDMAJJDF,YNDMAJKDF,YNDMAJLDF,YNDMAJMDF,YNDMAJNDF,YNDMAJODF,YNDMAJPDF,YNDMAJQDF,YNDMAJRDF,YNDMAJSDF,YNDMAJTDF,YNDMAJUDF,YNDMAJVDF,YNDMAJWDF,YNDMAJXDF,YNDMAJYDF,YNDMAJZDF,YNDMAKADF",,,YG-1,"3,8,65",Worm Pattern Drill,DL507,,,,,,Bright,0,0,0,0,,HSS Co5 (M35),SD_drill_normal,HSSCo5(M35) 超长 DH50-直柄钻头 光亮色,HSSCo5(M35) EX-Long DH50 Type Straight Shank Drill Bright,grouped,grouped,,888888,,Enable,10,,1,4,4
GR-SD-DL504,GR-SD-DL504,"YNDMAKBDF,YNDMAKCDF,YNDMAKDDF,YNDMAKEDF,YNDMAKFDF,YNDMAKGDF,YNDMAKHDF,YNDMAKIDF,YNDMAKJDF,YNDMAKKDF,YNDMAKLDF,YNDMAKMDF,YNDMAKNDF,YNDMAKODF,YNDMAKPDF,YNDMAKQDF,YNDMAKRDF,YNDMAKSDF,YNDMAKTDF,YNDMAKUDF,YNDMAKVDF,YNDMAKWDF,YNDMAKXDF,YNDMAKYDF,YNDMAKZDF,YNDMALADF,YNDMALBDF,YNDMALCDF,YNDMALDDF,YNDMALEDF,YNDMALFDF,YNDMALGDF,YNDMALHDF,YNDMALIDF,YNDMALJDF,YNDMALKDF,YNDMALLDF,YNDMALMDF,YNDMALNDF,YNDMALODF,YNDMALPDF,YNDMALQDF,YNDMALRDF,YNDMALSDF,YNDMALTDF,YNDMALUDF,YNDMALVDF,YNDMALWDF,YNDMALXDF",,,YG-1,"3,8,65",Worm Pattern Drill,DL504,,,,,,Steam Homo,0,0,0,0,,HSS Co5 (M35),SD_drill_normal,HSSCo5(M35) 长 DH100-直柄钻头 氧化发黑处理 DIN 340,HSSCo5(M35) Long DH100 Type Straight Shank Drill Steam Homo DIN 340,grouped,grouped,,888888,,Enable,10,,1,4,4
GR-SD-DL600,GR-SD-DL600,"YNDMALYDF,YNDMALZDF,YNDMAMADF,YNDMAMBDF,YNDMAMCDF,YNDMAMDDF,YNDMAMEDF,YNDMAMFDF,YNDMAMGDF,YNDMAMHDF,YNDMAMIDF,YNDMAMJDF,YNDMAMKDF,YNDMAMLDF,YNDMAMMDF,YNDMAMNDF,YNDMAMODF,YNDMAMPDF,YNDMAMQDF,YNDMAMRDF,YNDMAMSDF,YNDMAMTDF,YNDMAMUDF,YNDMAMVDF,YNDMAMWDF,YNDMAMXDF,YNDMAMYDF,YNDMAMZDF,YNDMANADF,YNDMANBDF,YNDMANCDF,YNDMANDDF,YNDMANEDF,YNDMANFDF,YNDMANGDF,YNDMANHDF,YNDMANIDF,YNDMANJDF,YNDMANKDF",,,YG-1,"3,8,65",Worm Pattern Drill,DL600,,,,,,Bright,0,0,0,0,,HSS Co5 (M35),SD_drill_normal,HSSCo5(M35) 超长 DH100-直柄钻头 光亮色 DIN 1869/1,HSSCo5(M35) Ex-Long DH100 Type Straight Shank Drill Bright DIN 1869/1,grouped,grouped,,888888,,Enable,10,,1,4,4
GR-SD-D2306,GR-SD-D2306,"YNDHABDDF,YNDHABEDF,YNDHABFDF,YNDHABGDF,YNDHABHDF,YNDHABIDF,YNDHABJDF,YNDHABKDF,YNDHABLDF",,,YG-1,"3,8,61",NC SPOTTING Drill,D2306,,,,,,0,0,0,90°,0,,HSS Co8 (M42),SD_nc_drill,HSSCo8(M42) 定心钻头(90角度),HSSCo8(M42) NC Spotting Drill(90deg.),grouped,grouped,,888888,,Enable,10,,1,4,4
GR-SD-D2307,GR-SD-D2307,"YNDHABMDF,YNDHABNDF,YNDHABODF,YNDHABPDF,YNDHABQDF,YNDHABRDF,YNDHABSDF,YNDHABTDF,YNDHABUDF",,,YG-1,"3,8,61",NC SPOTTING Drill,D2307,,,,,,0,0,0,120°,0,,HSS Co8 (M42),SD_nc_drill,HSSCo8(M42) 定心钻头(120角度),HSSCo8(M42) NC Spotting Drill(120deg.),grouped,grouped,,888888,,Enable,10,,1,4,4
GR-SD-D2104,GR-SD-D2104,"YNDFBWCDF,YNDFBWDDF,YNDFBWEDF,YNDFBWFDF,YNDFBWGDF,YNDFBWHDF,YNDFBWIDF,YNDFBWJDF,YNDFBWKDF,YNDFBWLDF,YNDFBWMDF,YNDFBWNDF,YNDFBWODF,YNDFBWPDF,YNDFBWQDF,YNDFBWRDF,YNDFBWSDF,YNDFBWTDF,YNDFBWUDF,YNDFBWVDF,YNDFBWWDF,YNDFBWXDF,YNDFBWYDF,YNDFBWZDF,YNDFBXADF,YNDFBXBDF,YNDFBXCDF,YNDFBXDDF,YNDFBXEDF,YNDFBXFDF,YNDFBXGDF,YNDFBXHDF,YNDFBXIDF,YNDFBXJDF,YNDFBXKDF,YNDFBXLDF,YNDFBXMDF,YNDFBXNDF,YNDFBXODF,YNDFBXPDF,YNDFBXQDF,YNDFBXRDF,YNDFBXSDF,YNDFBXTDF,YNDFBXUDF,YNDFBXVDF,YNDFBXWDF,YNDFBXXDF,YNDFBXYDF,YNDFBXZDF,YNDFBYADF,YNDFBYBDF,YNDFBYCDF,YNDFBYDDF,YNDFBYEDF,YNDFBYFDF,YNDFBYGDF,YNDFBYHDF,YNDFBYIDF,YNDFBYJDF,YNDFBYKDF,YNDFBYLDF,YNDFBYMDF,YNDFBYNDF,YNDFBYODF,YNDFBYPDF,YNDFBYQDF,YNDFBYRDF,YNDFBYSDF,YNDFBYTDF,YNDFBYUDF,YNDFBYVDF,YNDFBYWDF,YNDFBYXDF,YNDFBYYDF,YNDFBYZDF,YNDFBZADF,YNDFBZBDF,YNDFBZCDF,YNDFBZDDF,YNDFBZEDF,YNDFBZFDF,YNDFBZGDF,YNDFBZHDF,YNDFBZIDF,YNDFBZJDF,YNDFBZKDF,YNDFBZLDF,YNDFBZMDF",,,YG-1,"3,8,59",HSS Straight Shank Drill,D2104,,,,,,Coloring,0,0,0,0,,HSS Co8 (M42),SD_drill_normal,HSSCo8(M42) 长 直柄钻头 彩色涂层 DIN 340/N,HSSCo8(M42) Long Straight Shank Drill Coloring DIN 340/N,grouped,grouped,,888888,,Enable,10,,1,4,4
GR-SD-D2105,GR-SD-D2105,"YNDFBZNDF,YNDFBZODF,YNDFBZPDF,YNDFBZQDF,YNDFBZRDF,YNDFBZSDF,YNDFBZTDF,YNDFBZUDF,YNDFBZVDF,YNDFBZWDF,YNDFBZXDF,YNDFBZYDF,YNDFBZZDF,YNDFCAADF,YNDFCABDF,YNDFCACDF,YNDFCADDF,YNDFCAEDF,YNDFCAFDF,YNDFCAGDF,YNDFCAHDF,YNDFCAIDF,YNDFCAJDF,YNDFCAKDF,YNDFCALDF,YNDFCAMDF,YNDFCANDF,YNDFCAODF,YNDFCAPDF,YNDFCAQDF,YNDFCARDF,YNDFCASDF,YNDFCATDF,YNDFCAUDF,YNDFCAVDF,YNDFCAWDF,YNDFCAXDF,YNDFCAYDF,YNDFCAZDF,YNDFCBADF,YNDFCBBDF,YNDFCBCDF,YNDFCBDDF,YNDFCBEDF,YNDFCBFDF,YNDFCBGDF,YNDFCBHDF,YNDFCBIDF,YNDFCBJDF,YNDFCBKDF,YNDFCBLDF,YNDFCBMDF,YNDFCBNDF,YNDFCBODF,YNDFCBPDF,YNDFCBQDF,YNDFCBRDF,YNDFCBSDF,YNDFCBTDF,YNDFCBUDF,YNDFCBVDF,YNDFCBWDF,YNDFCBXDF,YNDFCBYDF,YNDFCBZDF,YNDFCCADF,YNDFCCBDF,YNDFCCCDF,YNDFCCDDF,YNDFCCEDF,YNDFCCFDF,YNDFCCGDF,YNDFCCHDF,YNDFCCIDF,YNDFCCJDF,YNDFCCKDF,YNDFCCLDF,YNDFCCMDF,YNDFCCNDF,YNDFCCODF,YNDFCCPDF,YNDFCCQDF,YNDFCCRDF,YNDFCCSDF,YNDFCCTDF,YNDFCCUDF,YNDFCCVDF,YNDFCCWDF,YNDFCCXDF,YNDFCCYDF,YNDFCCZDF,YNDFCDADF,YNDFCDBDF,YNDFCDCDF,YNDFCDDDF,YNDFCDEDF,YNDFCDFDF,YNDFCDGDF,YNDFCDHDF,YNDFCDIDF,YNDFCDJDF,YNDFCDKDF,YNDFCDLDF,YNDFCDMDF,YNDFCDNDF,YNDFCDODF,YNDFCDPDF,YNDFCDQDF,YNDFCDRDF,YNDFCDSDF,YNDFCDTDF,YNDFCDUDF,YNDFCDVDF,YNDFCDWDF,YNDFCDXDF,YNDFCDYDF,YNDFCDZDF,YNDFCEADF,YNDFCEBDF,YNDFCECDF,YNDFCEDDF,YNDFCEEDF,YNDFCEFDF,YNDFCEGDF,YNDFCEHDF,YNDFCEIDF,YNDFCEJDF,YNDFCEKDF,YNDFCELDF,YNDFCEMDF",,,YG-1,"3,8,59",HSS Straight Shank Drill,D2105,,,,,,Coloring,0,0,0,0,,HSS Co8 (M42),SD_drill_normal,HSSCo8(M42) 细长 直柄钻头 彩色涂层 DIN 338/N,HSSCo8(M42) Jobber Straight Shank Drill Coloring DIN 338/N,grouped,grouped,,888888,,Enable,10,,1,4,4
GR-SD-D2107,GR-SD-D2107,"YNDFCENDF,YNDFCEODF,YNDFCEPDF,YNDFCEQDF,YNDFCERDF,YNDFCESDF,YNDFCETDF,YNDFCEUDF,YNDFCEVDF,YNDFCEWDF,YNDFCEXDF,YNDFCEYDF,YNDFCEZDF,YNDFCFADF,YNDFCFBDF,YNDFCFCDF,YNDFCFDDF,YNDFCFEDF,YNDFCFFDF,YNDFCFGDF,YNDFCFHDF,YNDFCFIDF,YNDFCFJDF,YNDFCFKDF,YNDFCFLDF,YNDFCFMDF,YNDFCFNDF,YNDFCFODF,YNDFCFPDF,YNDFCFQDF,YNDFCFRDF,YNDFCFSDF,YNDFCFTDF,YNDFCFUDF,YNDFCFVDF,YNDFCFWDF,YNDFCFXDF,YNDFCFYDF,YNDFCFZDF,YNDFCGADF,YNDFCGBDF,YNDFCGCDF,YNDFCGDDF,YNDFCGEDF,YNDFCGFDF,YNDFCGGDF,YNDFCGHDF,YNDFCGIDF,YNDFCGJDF,YNDFCGKDF,YNDFCGLDF,YNDFCGMDF,YNDFCGNDF,YNDFCGODF,YNDFCGPDF,YNDFCGQDF,YNDFCGRDF,YNDFCGSDF,YNDFCGTDF,YNDFCGUDF,YNDFCGVDF,YNDFCGWDF,YNDFCGXDF,YNDFCGYDF,YNDFCGZDF,YNDFCHADF,YNDFCHBDF,YNDFCHCDF,YNDFCHDDF,YNDFCHEDF,YNDFCHFDF,YNDFCHGDF,YNDFCHHDF,YNDFCHIDF,YNDFCHJDF,YNDFCHKDF,YNDFCHLDF,YNDFCHMDF,YNDFCHNDF,YNDFCHODF,YNDFCHPDF,YNDFCHQDF,YNDFCHRDF,YNDFCHSDF,YNDFCHTDF,YNDFCHUDF,YNDFCHVDF,YNDFCHWDF,YNDFCHXDF,YNDFCHYDF,YNDFCHZDF,YNDFCIADF,YNDFCIBDF,YNDFCICDF,YNDFCIDDF,YNDFCIEDF,YNDFCIFDF,YNDFCIGDF,YNDFCIHDF,YNDFCIIDF,YNDFCIJDF,YNDFCIKDF,YNDFCILDF,YNDFCIMDF,YNDFCINDF,YNDFCIODF,YNDFCIPDF,YNDFCIQDF,YNDFCIRDF,YNDFCISDF,YNDFCITDF,YNDFCIUDF,YNDFCIVDF,YNDFCIWDF,YNDFCIXDF,YNDFCIYDF,YNDFCIZDF,YNDFCJADF,YNDFCJBDF,YNDFCJCDF,YNDFCJDDF,YNDFCJEDF,YNDFCJFDF,YNDFCJGDF,YNDFCJHDF,YNDFCJIDF,YNDFCJJDF,YNDFCJKDF,YNDFCJLDF,YNDFCJMDF,YNDFCJNDF,YNDFCJODF,YNDFCJPDF,YNDFCJQDF,YNDFCJRDF,YNDFCJSDF,YNDFCJTDF,YNDFCJUDF,YNDFCJVDF,YNDFCJWDF,YNDFCJXDF,YNDFCJYDF,YNDFCJZDF,YNDFCKADF,YNDFCKBDF,YNDFCKCDF,YNDFCKDDF,YNDFCKEDF,YNDFCKFDF,YNDFCKGDF,YNDFCKHDF,YNDFCKIDF,YNDFCKJDF,YNDFCKKDF,YNDFCKLDF,YNDFCKMDF,YNDFCKNDF,YNDFCKODF,YNDFCKPDF,YNDFCKQDF,YNDFCKRDF,YNDFCKSDF,YNDFCKTDF,YNDFCKUDF,YNDFCKVDF,YNDFCKWDF,YNDFCKXDF,YNDFCKYDF,YNDFCKZDF,YNDFCLADF,YNDFCLBDF,YNDFCLCDF",,,YG-1,"3,8,59",HSS Straight Shank Drill,D2107,,,,,,Coloring,0,0,0,0,,HSS Co8 (M42),SD_drill_normal,HSSCo8(M42) 超短 直柄钻头 彩色涂层 DIN 1897,HSSCo8(M42) Stub Straight Shank Drill Coloring DIN 1897,grouped,grouped,,888888,,Enable,10,,1,4,4
GR-SD-D2101,GR-SD-D2101,"YNDFCLDDF,YNDFCLEDF,YNDFCLFDF,YNDFCLGDF,YNDFCLHDF,YNDFCLIDF,YNDFCLJDF,YNDFCLKDF,YNDFCLLDF,YNDFCLMDF,YNDFCLNDF,YNDFCLODF,YNDFCLPDF,YNDFCLQDF,YNDFCLRDF,YNDFCLSDF,YNDFCLTDF,YNDFCLUDF,YNDFCLVDF,YNDFCLWDF,YNDFCLXDF,YNDFCLYDF,YNDFCLZDF,YNDFCMADF,YNDFCMBDF,YNDFCMCDF,YNDFCMDDF,YNDFCMEDF,YNDFCMFDF,YNDFCMGDF,YNDFCMHDF,YNDFCMIDF,YNDFCMJDF,YNDFCMKDF,YNDFCMLDF,YNDFCMMDF,YNDFCMNDF,YNDFCMODF,YNDFCMPDF,YNDFCMQDF,YNDFCMRDF,YNDFCMSDF,YNDFCMTDF,YNDFCMUDF,YNDFCMVDF,YNDFCMWDF,YNDFCMXDF,YNDFCMYDF,YNDFCMZDF,YNDFCNADF,YNDFCNBDF,YNDFCNCDF,YNDFCNDDF,YNDFCNEDF,YNDFCNFDF,YNDFCNGDF,YNDFCNHDF,YNDFCNIDF,YNDFCNJDF,YNDFCNKDF,YNDFCNLDF,YNDFCNMDF,YNDFCNNDF,YNDFCNODF,YNDFCNPDF,YNDFCNQDF,YNDFCNRDF,YNDFCNSDF,YNDFCNTDF,YNDFCNUDF,YNDFCNVDF,YNDFCNWDF,YNDFCNXDF,YNDFCNYDF,YNDFCNZDF,YNDFCOADF,YNDFCOBDF,YNDFCOCDF,YNDFCODDF,YNDFCOEDF,YNDFCOFDF,YNDFCOGDF,YNDFCOHDF,YNDFCOIDF,YNDFCOJDF,YNDFCOKDF,YNDFCOLDF,YNDFCOMDF,YNDFCONDF,YNDFCOODF,YNDFCOPDF,YNDFCOQDF,YNDFCORDF,YNDFCOSDF,YNDFCOTDF,YNDFCOUDF,YNDFCOVDF,YNDFCOWDF,YNDFCOXDF,YNDFCOYDF,YNDFCOZDF,YNDFCPADF,YNDFCPBDF,YNDFCPCDF,YNDFCPDDF,YNDFCPEDF,YNDFCPFDF,YNDFCPGDF,YNDFCPHDF,YNDFCPIDF,YNDFCPJDF",,,YG-1,"3,8,59",HSS Straight Shank Drill,D2101,,,,,,Coloring,0,0,0,0,,HSS Co8 (M42),SD_drill_normal,HSSCo8(M42) 常规 直柄钻头 彩色涂层,HSSCo8(M42) Regular Straight Shank Drill Coloring,grouped,grouped,,888888,,Enable,10,,1,4,4
GR-SD-CDRA03,GR-SD-CDRA03,"YNDGAAADF,YNDGAABDF,YNDGAACDF,YNDGAADDF,YNDGAAEDF,YNDGAAFDF,YNDGAAGDF,YNDGAAHDF,YNDGAAIDF,YNDGAAJDF,YNDGAAKDF,YNDGAALDF,YNDGAAMDF,YNDGAANDF,YNDGAAODF,YNDGAAPDF,YNDGAAQDF,YNDGAARDF,YNDGAASDF,YNDGAATDF,YNDGAAUDF,YNDGAAVDF,YNDGAAWDF,YNDGAAXDF,YNDGAAYDF,YNDGAAZDF,YNDGABADF,YNDGABBDF,YNDGABCDF,YNDGABDDF,YNDGABEDF,YNDGABFDF,YNDGABGDF,YNDGABHDF,YNDGABIDF,YNDGABJDF,YNDGABKDF,YNDGABLDF,YNDGABMDF,YNDGABNDF,YNDGABODF,YNDGABPDF,YNDGABQDF,YNDGABRDF,YNDGABSDF,YNDGABTDF,YNDGABUDF,YNDGABVDF,YNDGABWDF,YNDGABXDF,YNDGABYDF,YNDGABZDF,YNDGACADF,YNDGACBDF,YNDGACCDF,YNDGACDDF,YNDGACEDF,YNDGACFDF,YNDGACGDF,YNDGACHDF,YNDGACIDF,YNDGACJDF,YNDGACKDF,YNDGACLDF,YNDGACMDF,YNDGACNDF,YNDGACODF,YNDGACPDF,YNDGACQDF,YNDGACRDF,YNDGACSDF,YNDGACTDF,YNDGACUDF,YNDGACVDF,YNDGACWDF,YNDGACXDF,YNDGACYDF,YNDGACZDF,YNDGADADF,YNDGADBDF,YNDGADCDF,YNDGADDDF,YNDGADEDF,YNDGADFDF,YNDGADGDF,YNDGADHDF,YNDGADIDF,YNDGADJDF,YNDGADKDF,YNDGADLDF,YNDGADMDF,YNDGADNDF,YNDGADODF,YNDGADPDF,YNDGADQDF,YNDGADRDF,YNDGADSDF,YNDGADTDF,YNDGADUDF,YNDGADVDF,YNDGADWDF,YNDGADXDF,YNDGADYDF,YNDGADZDF,YNDGAEADF,YNDGAEBDF,YNDGAECDF,YNDGAEDDF,YNDGAEEDF,YNDGAEFDF,YNDGAEGDF,YNDGAEHDF,YNDGAEIDF,YNDGAEJDF,YNDGAEKDF,YNDGAELDF,YNDGAEMDF,YNDGAENDF,YNDGAEODF,YNDGAEPDF,YNDGAEQDF",,,YG-1,"3,8,60",Multi-1 Drill,CDRA03,,,,,,TiAlN,0,PLAIN,0,0,,Premium Powder Metallurgy HSS,SD_drill_normal,Multi-1 钻头 超短(TiAlN涂层),Multi-1 Drill Stub(TiAlN),grouped,grouped,,888888,,Enable,10,,1,4,4
GR-SD-CDRA04,GR-SD-CDRA04,"YNDGAERDF,YNDGAESDF,YNDGAETDF,YNDGAEUDF,YNDGAEVDF,YNDGAEWDF,YNDGAEXDF,YNDGAEYDF,YNDGAEZDF,YNDGAFADF,YNDGAFBDF,YNDGAFCDF,YNDGAFDDF,YNDGAFEDF,YNDGAFFDF,YNDGAFGDF,YNDGAFHDF,YNDGAFIDF,YNDGAFJDF,YNDGAFKDF,YNDGAFLDF,YNDGAFMDF,YNDGAFNDF,YNDGAFODF,YNDGAFPDF,YNDGAFQDF,YNDGAFRDF,YNDGAFSDF,YNDGAFTDF,YNDGAFUDF,YNDGAFVDF,YNDGAFWDF,YNDGAFXDF,YNDGAFYDF,YNDGAFZDF,YNDGAGADF,YNDGAGBDF,YNDGAGCDF,YNDGAGDDF,YNDGAGEDF,YNDGAGFDF,YNDGAGGDF,YNDGAGHDF,YNDGAGIDF,YNDGAGJDF,YNDGAGKDF,YNDGAGLDF,YNDGAGMDF,YNDGAGNDF,YNDGAGODF,YNDGAGPDF,YNDGAGQDF,YNDGAGRDF,YNDGAGSDF,YNDGAGTDF,YNDGAGUDF,YNDGAGVDF,YNDGAGWDF,YNDGAGXDF,YNDGAGYDF,YNDGAGZDF,YNDGAHADF,YNDGAHBDF,YNDGAHCDF,YNDGAHDDF,YNDGAHEDF,YNDGAHFDF,YNDGAHGDF,YNDGAHHDF,YNDGAHIDF,YNDGAHJDF,YNDGAHKDF,YNDGAHLDF,YNDGAHMDF,YNDGAHNDF,YNDGAHODF,YNDGAHPDF,YNDGAHQDF,YNDGAHRDF,YNDGAHSDF,YNDGAHTDF,YNDGAHUDF,YNDGAHVDF,YNDGAHWDF,YNDGAHXDF,YNDGAHYDF,YNDGAHZDF,YNDGAIADF,YNDGAIBDF,YNDGAICDF,YNDGAIDDF,YNDGAIEDF,YNDGAIFDF,YNDGAIGDF,YNDGAIHDF,YNDGAIIDF,YNDGAIJDF,YNDGAIKDF,YNDGAILDF,YNDGAIMDF,YNDGAINDF,YNDGAIODF,YNDGAIPDF,YNDGAIQDF,YNDGAIRDF,YNDGAISDF,YNDGAITDF,YNDGAIUDF,YNDGAIVDF,YNDGAIWDF,YNDGAIXDF",,,YG-1,"3,8,60",Multi-1 Drill,CDRA04,,,,,,TiAlN,0,PLAIN,0,0,,Premium Powder Metallurgy HSS,SD_drill_normal,Multi-1 钻头 细长(TiAlN涂层),Multi-1 Drill Jobber(TiAlN),grouped,grouped,,888888,,Enable,10,,1,4,4
GR-SD-DR541,GR-SD-DR541,"YNDJAAADF,YNDJAABDF,YNDJAACDF,YNDJAADDF,YNDJAAEDF,YNDJAAFDF,YNDJAAGDF,YNDJAAHDF,YNDJAAIDF,YNDJAAJDF,YNDJAAKDF,YNDJAALDF,YNDJAAMDF,YNDJAANDF,YNDJAAODF,YNDJAAPDF,YNDJAAQDF,YNDJAARDF,YNDJAASDF,YNDJAATDF,YNDJAAUDF,YNDJAAVDF,YNDJAAWDF,YNDJAAXDF,YNDJAAYDF,YNDJAAZDF,YNDJABADF,YNDJABBDF,YNDJABCDF,YNDJABDDF,YNDJABEDF,YNDJABFDF,YNDJABGDF,YNDJABHDF,YNDJABIDF,YNDJABJDF,YNDJABKDF,YNDJABLDF,YNDJABMDF,YNDJABNDF,YNDJABODF,YNDJABPDF,YNDJABQDF,YNDJABRDF,YNDJABSDF,YNDJABTDF,YNDJABUDF,YNDJABVDF,YNDJABWDF,YNDJABXDF,YNDJABYDF,YNDJABZDF,YNDJACADF,YNDJACBDF,YNDJACCDF,YNDJACDDF,YNDJACEDF,YNDJACFDF,YNDJACGDF,YNDJACHDF,YNDJACIDF,YNDJACJDF,YNDJACKDF,YNDJACLDF,YNDJACMDF,YNDJACNDF,YNDJACODF,YNDJACPDF,YNDJACQDF,YNDJACRDF,YNDJACSDF,YNDJACTDF,YNDJACUDF,YNDJACVDF,YNDJACWDF,YNDJACXDF,YNDJACYDF,YNDJACZDF,YNDJADADF,YNDJADBDF,YNDJADCDF,YNDJADDDF,YNDJADEDF,YNDJADFDF,YNDJADGDF,YNDJADHDF,YNDJADIDF,YNDJADJDF,YNDJADKDF,YNDJADLDF,YNDJADMDF,YNDJADNDF,YNDJADODF,YNDJADPDF,YNDJADQDF,YNDJADRDF,YNDJADSDF,YNDJADTDF,YNDJADUDF,YNDJADVDF,YNDJADWDF,YNDJADXDF,YNDJADYDF,YNDJADZDF,YNDJAEADF,YNDJAEBDF,YNDJAECDF,YNDJAEDDF,YNDJAEEDF,YNDJAEFDF,YNDJAEGDF,YNDJAEHDF,YNDJAEIDF,YNDJAEJDF,YNDJAEKDF,YNDJAELDF,YNDJAEMDF,YNDJAENDF,YNDJAEODF,YNDJAEPDF,YNDJAEQDF,YNDJAERDF,YNDJAESDF,YNDJAETDF,YNDJAEUDF,YNDJAEVDF,YNDJAEWDF,YNDJAEXDF,YNDJAEYDF,YNDJAEZDF,YNDJAFADF,YNDJAFBDF,YNDJAFCDF,YNDJAFDDF,YNDJAFEDF",,,YG-1,"3,8,62",Para Drill,DR541,,,,,,TiAlN,0,PLAIN,0,0,,Premium Powder Metallurgy HSS,SD_drill_normal,PARA 钻头 超短(TiAlN涂层),PARA Drill Stub(TiAlN),grouped,grouped,,888888,,Enable,10,,1,4,4
GR-SD-DR542,GR-SD-DR542,"YNDJAFFDF,YNDJAFGDF,YNDJAFHDF,YNDJAFIDF,YNDJAFJDF,YNDJAFKDF,YNDJAFLDF,YNDJAFMDF,YNDJAFNDF,YNDJAFODF,YNDJAFPDF,YNDJAFQDF,YNDJAFRDF,YNDJAFSDF,YNDJAFTDF,YNDJAFUDF,YNDJAFVDF,YNDJAFWDF,YNDJAFXDF,YNDJAFYDF,YNDJAFZDF,YNDJAGADF,YNDJAGBDF,YNDJAGCDF,YNDJAGDDF,YNDJAGEDF,YNDJAGFDF,YNDJAGGDF,YNDJAGHDF,YNDJAGIDF,YNDJAGJDF,YNDJAGKDF,YNDJAGLDF,YNDJAGMDF,YNDJAGNDF,YNDJAGODF,YNDJAGPDF,YNDJAGQDF,YNDJAGRDF,YNDJAGSDF,YNDJAGTDF,YNDJAGUDF,YNDJAGVDF,YNDJAGWDF,YNDJAGXDF,YNDJAGYDF,YNDJAGZDF,YNDJAHADF,YNDJAHBDF,YNDJAHCDF,YNDJAHDDF,YNDJAHEDF,YNDJAHFDF,YNDJAHGDF,YNDJAHHDF,YNDJAHIDF,YNDJAHJDF,YNDJAHKDF,YNDJAHLDF,YNDJAHMDF,YNDJAHNDF,YNDJAHODF,YNDJAHPDF,YNDJAHQDF,YNDJAHRDF,YNDJAHSDF,YNDJAHTDF,YNDJAHUDF,YNDJAHVDF,YNDJAHWDF,YNDJAHXDF,YNDJAHYDF,YNDJAHZDF,YNDJAIADF,YNDJAIBDF,YNDJAICDF,YNDJAIDDF,YNDJAIEDF,YNDJAIFDF,YNDJAIGDF,YNDJAIHDF,YNDJAIIDF,YNDJAIJDF,YNDJAIKDF,YNDJAILDF,YNDJAIMDF,YNDJAINDF,YNDJAIODF,YNDJAIPDF,YNDJAIQDF,YNDJAIRDF,YNDJAISDF,YNDJAITDF,YNDJAIUDF,YNDJAIVDF,YNDJAIWDF,YNDJAIXDF,YNDJAIYDF,YNDJAIZDF,YNDJAJADF,YNDJAJBDF,YNDJAJCDF,YNDJAJDDF,YNDJAJEDF,YNDJAJFDF,YNDJAJGDF,YNDJAJHDF,YNDJAJIDF,YNDJAJJDF,YNDJAJKDF,YNDJAJLDF,YNDJAJMDF,YNDJAJNDF,YNDJAJODF,YNDJAJPDF,YNDJAJQDF,YNDJAJRDF,YNDJAJSDF,YNDJAJTDF,YNDJAJUDF,YNDJAJVDF,YNDJAJWDF,YNDJAJXDF,YNDJAJYDF,YNDJAJZDF",,,YG-1,"3,8,62",Para Drill,DR542,,,,,,TiAlN,0,PLAIN,0,0,,Premium Powder Metallurgy HSS,SD_drill_normal,PARA 钻头 细长(TiAlN涂层),PARA Drill Jobber(TiAlN),grouped,grouped,,888888,,Enable,10,,1,4,4
GR-SD-DPPA00,GR-SD-DPPA00,"YNDIAAADF,YNDIAABDF,YNDIAACDF,YNDIAADDF,YNDIAAEDF,YNDIAAFDF,YNDIAAGDF,YNDIAAHDF,YNDIAAIDF,YNDIAAJDF,YNDIAAKDF,YNDIAALDF,YNDIAAMDF,YNDIAANDF,YNDIAAODF,YNDIAAPDF,YNDIAAQDF,YNDIAARDF,YNDIAASDF,YNDIAATDF,YNDIAAUDF,YNDIAAVDF,YNDIAAWDF,YNDIAAXDF,YNDIAAYDF,YNDIAAZDF,YNDIABADF,YNDIABBDF,YNDIABCDF,YNDIABDDF,YNDIABEDF,YNDIABFDF,YNDIABGDF,YNDIABHDF,YNDIABIDF,YNDIABJDF,YNDIABKDF,YNDIABLDF,YNDIABMDF,YNDIABNDF,YNDIABODF,YNDIABPDF,YNDIABQDF,YNDIABRDF,YNDIABSDF,YNDIABTDF,YNDIABUDF,YNDIABVDF,YNDIABWDF,YNDIABXDF,YNDIABYDF,YNDIABZDF,YNDIACADF,YNDIACBDF,YNDIACCDF,YNDIACDDF,YNDIACEDF,YNDIACFDF,YNDIACGDF,YNDIACHDF,YNDIACIDF,YNDIACJDF,YNDIACKDF,YNDIACLDF,YNDIACMDF,YNDIACNDF,YNDIACODF,YNDIACPDF,YNDIACQDF,YNDIACRDF,YNDIACSDF,YNDIACTDF,YNDIACUDF,YNDIACVDF,YNDIACWDF,YNDIACXDF,YNDIACYDF,YNDIACZDF,YNDIADADF,YNDIADBDF,YNDIADCDF,YNDIADDDF",,,YG-1,"3,8,57",Pang Pang Drill,DPPA00,,,,,,TiAlN,0,PLAIN,0,0,,Carbide,SD_drill_normal,PANG PANG 钻头 短 (AlCrN涂层),PANG PANG DRILL SHORT (AlCrN),grouped,grouped,,888888,,Enable,10,,1,4,4
GR-SD-DPPA01,GR-SD-DPPA01,"YNDIADEDF,YNDIADFDF,YNDIADGDF,YNDIADHDF,YNDIADIDF,YNDIADJDF,YNDIADKDF,YNDIADLDF,YNDIADMDF,YNDIADNDF,YNDIADODF,YNDIADPDF,YNDIADQDF,YNDIADRDF,YNDIADSDF,YNDIADTDF,YNDIADUDF,YNDIADVDF,YNDIADWDF,YNDIADXDF,YNDIADYDF,YNDIADZDF,YNDIAEADF,YNDIAEBDF,YNDIAECDF,YNDIAEDDF,YNDIAEEDF,YNDIAEFDF,YNDIAEGDF,YNDIAEHDF,YNDIAEIDF,YNDIAEJDF,YNDIAEKDF,YNDIAELDF,YNDIAEMDF,YNDIAENDF,YNDIAEODF,YNDIAEPDF,YNDIAEQDF,YNDIAERDF,YNDIAESDF,YNDIAETDF,YNDIAEUDF,YNDIAEVDF,YNDIAEWDF,YNDIAEXDF,YNDIAEYDF,YNDIAEZDF,YNDIAFADF,YNDIAFBDF,YNDIAFCDF,YNDIAFDDF,YNDIAFEDF,YNDIAFFDF,YNDIAFGDF,YNDIAFHDF,YNDIAFIDF,YNDIAFJDF,YNDIAFKDF,YNDIAFLDF,YNDIAFMDF,YNDIAFNDF,YNDIAFODF,YNDIAFPDF,YNDIAFQDF,YNDIAFRDF,YNDIAFSDF,YNDIAFTDF,YNDIAFUDF,YNDIAFVDF,YNDIAFWDF,YNDIAFXDF,YNDIAFYDF,YNDIAFZDF,YNDIAGADF,YNDIAGBDF,YNDIAGCDF,YNDIAGDDF,YNDIAGEDF,YNDIAGFDF,YNDIAGGDF,YNDIAGHDF,YNDIAGIDF,YNDIAGJDF,YNDIAGKDF,YNDIAGLDF,YNDIAGMDF,YNDIAGNDF,YNDIAGODF,YNDIAGPDF,YNDIAGQDF,YNDIAGRDF,YNDIAGSDF,YNDIAGTDF,YNDIAGUDF,YNDIAGVDF,YNDIAGWDF,YNDIAGXDF,YNDIAGYDF,YNDIAGZDF,YNDIAHADF,YNDIAHBDF,YNDIAHCDF,YNDIAHDDF,YNDIAHEDF,YNDIAHFDF,YNDIAHGDF,YNDIAHHDF,YNDIAHIDF,YNDIAHJDF,YNDIAHKDF,YNDIAHLDF,YNDIAHMDF,YNDIAHNDF,YNDIAHODF,YNDIAHPDF,YNDIAHQDF,YNDIAHRDF,YNDIAHSDF,YNDIAHTDF,YNDIAHUDF,YNDIAHVDF,YNDIAHWDF,YNDIAHXDF,YNDIAHYDF,YNDIAHZDF,YNDIAIADF,YNDIAIBDF,YNDIAICDF,YNDIAIDDF,YNDIAIEDF,YNDIAIFDF,YNDIAIGDF,YNDIAIHDF,YNDIAIIDF,YNDIAIJDF,YNDIAIKDF,YNDIAILDF,YNDIAIMDF,YNDIAINDF,YNDIAIODF,YNDIAIPDF,YNDIAIQDF,YNDIAIRDF,YNDIAISDF,YNDIAITDF,YNDIAIUDF,YNDIAIVDF,YNDIAIWDF,YNDIAIXDF,YNDIAIYDF,YNDIAIZDF,YNDIAJADF,YNDIAJBDF,YNDIAJCDF,YNDIAJDDF,YNDIAJEDF,YNDIAJFDF,YNDIAJGDF,YNDIAJHDF",,,YG-1,"3,8,57",Pang Pang Drill,DPPA01,,,,,,TiAlN,0,PLAIN,0,0,,Carbide,SD_drill_normal,Pang Pang 钻头 常规(AlCrN涂层),Pang Pang Drill Regular(AlCrN),grouped,grouped,,888888,,Enable,10,,1,4,4
GR-SD-DPPA02,GR-SD-DPPA02,"YNDIAJIDF,YNDIAJJDF,YNDIAJKDF,YNDIAJLDF,YNDIAJMDF,YNDIAJNDF,YNDIAJODF,YNDIAJPDF,YNDIAJQDF,YNDIAJRDF,YNDIAJSDF,YNDIAJTDF,YNDIAJUDF,YNDIAJVDF,YNDIAJWDF,YNDIAJXDF,YNDIAJYDF,YNDIAJZDF,YNDIAKADF,YNDIAKBDF,YNDIAKCDF,YNDIAKDDF,YNDIAKEDF,YNDIAKFDF,YNDIAKGDF,YNDIAKHDF,YNDIAKIDF,YNDIAKJDF,YNDIAKKDF,YNDIAKLDF,YNDIAKMDF,YNDIAKNDF,YNDIAKODF,YNDIAKPDF,YNDIAKQDF,YNDIAKRDF,YNDIAKSDF,YNDIAKTDF,YNDIAKUDF,YNDIAKVDF,YNDIAKWDF,YNDIAKXDF,YNDIAKYDF,YNDIAKZDF,YNDIALADF,YNDIALBDF,YNDIALCDF,YNDIALDDF,YNDIALEDF,YNDIALFDF,YNDIALGDF,YNDIALHDF,YNDIALIDF,YNDIALJDF,YNDIALKDF,YNDIALLDF,YNDIALMDF,YNDIALNDF,YNDIALODF,YNDIALPDF,YNDIALQDF,YNDIALRDF,YNDIALSDF,YNDIALTDF,YNDIALUDF,YNDIALVDF,YNDIALWDF,YNDIALXDF,YNDIALYDF,YNDIALZDF,YNDIAMADF,YNDIAMBDF,YNDIAMCDF,YNDIAMDDF,YNDIAMEDF,YNDIAMFDF,YNDIAMGDF,YNDIAMHDF,YNDIAMIDF,YNDIAMJDF,YNDIAMKDF,YNDIAMLDF,YNDIAMMDF,YNDIAMNDF,YNDIAMODF,YNDIAMPDF,YNDIAMQDF,YNDIAMRDF,YNDIAMSDF,YNDIAMTDF,YNDIAMUDF,YNDIAMVDF,YNDIAMWDF,YNDIAMXDF,YNDIAMYDF,YNDIAMZDF,YNDIANADF,YNDIANBDF,YNDIANCDF,YNDIANDDF,YNDIANEDF,YNDIANFDF,YNDIANGDF,YNDIANHDF,YNDIANIDF,YNDIANJDF,YNDIANKDF,YNDIANLDF,YNDIANMDF,YNDIANNDF,YNDIANODF,YNDIANPDF,YNDIANQDF,YNDIANRDF,YNDIANSDF,YNDIANTDF,YNDIANUDF,YNDIANVDF,YNDIANWDF,YNDIANXDF,YNDIANYDF,YNDIANZDF,YNDIAOADF,YNDIAOBDF,YNDIAOCDF,YNDIAODDF,YNDIAOEDF,YNDIAOFDF,YNDIAOGDF,YNDIAOHDF,YNDIAOIDF,YNDIAOJDF,YNDIAOKDF,YNDIAOLDF,YNDIAOMDF,YNDIAONDF,YNDIAOODF,YNDIAOPDF,YNDIAOQDF,YNDIAORDF,YNDIAOSDF,YNDIAOTDF,YNDIAOUDF,YNDIAOVDF,YNDIAOWDF,YNDIAOXDF,YNDIAOYDF,YNDIAOZDF,YNDIAPADF,YNDIAPBDF,YNDIAPCDF,YNDIAPDDF,YNDIAPEDF,YNDIAPFDF,YNDIAPGDF,YNDIAPHDF,YNDIAPIDF,YNDIAPJDF,YNDIAPKDF,YNDIAPLDF",,,YG-1,"3,8,57",Pang Pang Drill,DPPA02,,,,,,TiAlN,0,PLAIN,0,0,,Carbide,SD_drill_normal,Pang Pang 钻头 长(AlCrN涂层),Pang Pang Drill Long(AlCrN),grouped,grouped,,888888,,Enable,10,,1,4,4
GR-SD-DSH101,GR-SD-DSH101,"YNDKAAADF,YNDKAABDF,YNDKAACDF,YNDKAADDF,YNDKAAEDF,YNDKAAFDF,YNDKAAGDF,YNDKAAHDF,YNDKAAIDF,YNDKAAJDF,YNDKAAKDF,YNDKAALDF,YNDKAAMDF,YNDKAANDF,YNDKAAODF,YNDKAAPDF,YNDKAAQDF,YNDKAARDF,YNDKAASDF,YNDKAATDF,YNDKAAUDF,YNDKAAVDF,YNDKAAWDF,YNDKAAXDF,YNDKAAYDF,YNDKAAZDF,YNDKABADF,YNDKABBDF,YNDKABCDF,YNDKABDDF,YNDKABEDF,YNDKABFDF,YNDKABGDF,YNDKABHDF,YNDKABIDF,YNDKABJDF,YNDKABKDF,YNDKABLDF,YNDKABMDF,YNDKABNDF,YNDKABODF,YNDKABPDF,YNDKABQDF,YNDKABRDF,YNDKABSDF,YNDKABTDF,YNDKABUDF,YNDKABVDF,YNDKABWDF,YNDKABXDF,YNDKABYDF,YNDKABZDF,YNDKACADF,YNDKACBDF,YNDKACCDF,YNDKACDDF,YNDKACEDF,YNDKACFDF,YNDKACGDF,YNDKACHDF,YNDKACIDF,YNDKACJDF,YNDKACKDF,YNDKACLDF,YNDKACMDF,YNDKACNDF,YNDKACODF,YNDKACPDF,YNDKACQDF,YNDKACRDF,YNDKACSDF,YNDKACTDF,YNDKACUDF,YNDKACVDF,YNDKACWDF,YNDKACXDF,YNDKACYDF,YNDKACZDF,YNDKADADF,YNDKADBDF,YNDKADCDF,YNDKADDDF,YNDKADEDF,YNDKADFDF,YNDKADGDF,YNDKADHDF,YNDKADIDF,YNDKADJDF,YNDKADKDF,YNDKADLDF,YNDKADMDF,YNDKADNDF,YNDKADODF,YNDKADPDF,YNDKADQDF,YNDKADRDF,YNDKADSDF,YNDKADTDF,YNDKADUDF,YNDKADVDF,YNDKADWDF,YNDKADXDF,YNDKADYDF,YNDKADZDF,YNDKAEADF,YNDKAEBDF,YNDKAECDF,YNDKAEDDF,YNDKAEEDF,YNDKAEFDF,YNDKAEGDF",,,YG-1,"3,8,63",Super-GP Drill,DSH101,,,,,,Steam Homo,0,0,0,0,,Super-HSS,SD_drill_normal,Super-HSS 常规 直柄钻头 氧化发黑处理,Super-HSS Regular Straight Shank Drill Steam Homo,grouped,grouped,,888888,,Enable,10,,1,4,4
GR-SD-DSH105,GR-SD-DSH105,"YNDKAEHDF,YNDKAEIDF,YNDKAEJDF,YNDKAEKDF,YNDKAELDF,YNDKAEMDF,YNDKAENDF,YNDKAEODF,YNDKAEPDF,YNDKAEQDF,YNDKAERDF,YNDKAESDF,YNDKAETDF,YNDKAEUDF,YNDKAEVDF,YNDKAEWDF,YNDKAEXDF,YNDKAEYDF,YNDKAEZDF,YNDKAFADF,YNDKAFBDF,YNDKAFCDF,YNDKAFDDF,YNDKAFEDF,YNDKAFFDF,YNDKAFGDF,YNDKAFHDF,YNDKAFIDF,YNDKAFJDF,YNDKAFKDF,YNDKAFLDF,YNDKAFMDF,YNDKAFNDF,YNDKAFODF,YNDKAFPDF,YNDKAFQDF,YNDKAFRDF,YNDKAFSDF,YNDKAFTDF,YNDKAFUDF,YNDKAFVDF,YNDKAFWDF,YNDKAFXDF,YNDKAFYDF,YNDKAFZDF,YNDKAGADF,YNDKAGBDF,YNDKAGCDF,YNDKAGDDF,YNDKAGEDF,YNDKAGFDF,YNDKAGGDF,YNDKAGHDF,YNDKAGIDF,YNDKAGJDF,YNDKAGKDF,YNDKAGLDF,YNDKAGMDF,YNDKAGNDF,YNDKAGODF,YNDKAGPDF,YNDKAGQDF,YNDKAGRDF,YNDKAGSDF,YNDKAGTDF,YNDKAGUDF,YNDKAGVDF,YNDKAGWDF,YNDKAGXDF,YNDKAGYDF,YNDKAGZDF,YNDKAHADF,YNDKAHBDF,YNDKAHCDF,YNDKAHDDF,YNDKAHEDF,YNDKAHFDF,YNDKAHGDF,YNDKAHHDF,YNDKAHIDF,YNDKAHJDF,YNDKAHKDF,YNDKAHLDF,YNDKAHMDF,YNDKAHNDF,YNDKAHODF,YNDKAHPDF,YNDKAHQDF,YNDKAHRDF,YNDKAHSDF,YNDKAHTDF,YNDKAHUDF,YNDKAHVDF,YNDKAHWDF,YNDKAHXDF,YNDKAHYDF,YNDKAHZDF,YNDKAIADF,YNDKAIBDF,YNDKAICDF,YNDKAIDDF,YNDKAIEDF,YNDKAIFDF,YNDKAIGDF,YNDKAIHDF,YNDKAIIDF,YNDKAIJDF,YNDKAIKDF,YNDKAILDF,YNDKAIMDF,YNDKAINDF",,,YG-1,"3,8,63",Super-GP Drill,DSH105,,,,,,Steam Homo,0,0,0,0,,Super-HSS,SD_drill_normal,Super-HSS 细长 直柄钻头 氧化发黑处理 DIN 338/N,Super-HSS Jobber Straight Shank Drill Steam Homo DIN 338/N,grouped,grouped,,888888,,Enable,10,,1,4,4
GR-SD-D1202,GR-SD-D1202,"YNDLAAADF,YNDLAABDF,YNDLAACDF,YNDLAADDF,YNDLAAEDF,YNDLAAFDF,YNDLAAGDF,YNDLAAHDF,YNDLAAIDF,YNDLAAJDF,YNDLAAKDF,YNDLAALDF,YNDLAAMDF,YNDLAANDF,YNDLAAODF,YNDLAAPDF,YNDLAAQDF,YNDLAARDF,YNDLAASDF,YNDLAATDF,YNDLAAUDF,YNDLAAVDF,YNDLAAWDF,YNDLAAXDF,YNDLAAYDF,YNDLAAZDF,YNDLABADF,YNDLABBDF,YNDLABCDF,YNDLABDDF,YNDLABEDF,YNDLABFDF,YNDLABGDF,YNDLABHDF,YNDLABIDF,YNDLABJDF,YNDLABKDF",,,YG-1,"3,8,64",Taper Shank Drill,D1202,,,,,,Steam Homo,0,0,0,0,,HSS (M2),SD_ts_drill,HSS(M2) 长 莫氏锥柄钻头 氧化发黑处理,HSS(M2) Long Taper Shank Drill Steam Homo,grouped,grouped,,888888,,Enable,10,,1,4,4
GR-SD-D1203,GR-SD-D1203,"YNDLABLDF,YNDLABMDF,YNDLABNDF,YNDLABODF,YNDLABPDF,YNDLABQDF,YNDLABRDF,YNDLABSDF,YNDLABTDF,YNDLABUDF,YNDLABVDF,YNDLABWDF,YNDLABXDF,YNDLABYDF,YNDLABZDF,YNDLACADF,YNDLACBDF,YNDLACCDF,YNDLACDDF",,,YG-1,"3,8,64",Taper Shank Drill,D1203,,,,,,Steam Homo,0,0,0,0,,HSS (M2),SD_ts_drill,HSS(M2) 长 莫氏锥柄钻头 氧化发黑处理,HSS(M2) Long Taper Shank Drill Steam Homo,grouped,grouped,,888888,,Enable,10,,1,4,4
GR-SD-D1204,GR-SD-D1204,"YNDLACEDF,YNDLACFDF,YNDLACGDF,YNDLACHDF,YNDLACIDF,YNDLACJDF,YNDLACKDF,YNDLACLDF,YNDLACMDF,YNDLACNDF,YNDLACODF,YNDLACPDF,YNDLACQDF,YNDLACRDF,YNDLACSDF,YNDLACTDF,YNDLACUDF,YNDLACVDF,YNDLACWDF,YNDLACXDF,YNDLACYDF,YNDLACZDF,YNDLADADF,YNDLADBDF,YNDLADCDF,YNDLADDDF,YNDLADEDF,YNDLADFDF,YNDLADGDF,YNDLADHDF,YNDLADIDF,YNDLADJDF,YNDLADKDF,YNDLADLDF,YNDLADMDF,YNDLADNDF,YNDLADODF,YNDLADPDF,YNDLADQDF,YNDLADRDF,YNDLADSDF,YNDLADTDF,YNDLADUDF,YNDLADVDF,YNDLADWDF,YNDLADXDF,YNDLADYDF,YNDLADZDF,YNDLAEADF,YNDLAEBDF,YNDLAECDF,YNDLAEDDF,YNDLAEEDF,YNDLAEFDF",,,YG-1,"3,8,64",Taper Shank Drill,D1204,,,,,,Steam Homo,0,0,0,0,,HSS (M2),SD_ts_drill,HSS(M2) 长 莫氏锥柄钻头 氧化发黑处理,HSS(M2) Long Taper Shank Drill Steam Homo,grouped,grouped,,888888,,Enable,10,,1,4,4
GR-SD-D1208,GR-SD-D1208,"YNDLAEGDF,YNDLAEHDF,YNDLAEIDF,YNDLAEJDF,YNDLAEKDF,YNDLAELDF,YNDLAEMDF,YNDLAENDF,YNDLAEODF,YNDLAEPDF,YNDLAEQDF,YNDLAERDF,YNDLAESDF,YNDLAETDF,YNDLAEUDF,YNDLAEVDF,YNDLAEWDF,YNDLAEXDF,YNDLAEYDF,YNDLAEZDF,YNDLAFADF,YNDLAFBDF,YNDLAFCDF,YNDLAFDDF,YNDLAFEDF,YNDLAFFDF,YNDLAFGDF,YNDLAFHDF,YNDLAFIDF,YNDLAFJDF,YNDLAFKDF,YNDLAFLDF,YNDLAFMDF,YNDLAFNDF,YNDLAFODF,YNDLAFPDF,YNDLAFQDF,YNDLAFRDF,YNDLAFSDF,YNDLAFTDF,YNDLAFUDF,YNDLAFVDF,YNDLAFWDF,YNDLAFXDF,YNDLAFYDF,YNDLAFZDF,YNDLAGADF,YNDLAGBDF,YNDLAGCDF,YNDLAGDDF,YNDLAGEDF,YNDLAGFDF,YNDLAGGDF,YNDLAGHDF",,,YG-1,"3,8,64",Taper Shank Drill,D1208,,,,,,Steam Homo,0,0,0,0,,HSS (M2),SD_ts_drill,HSS(M2) 长 莫氏锥柄钻头,HSS(M2) Long Taper Shank Drill,grouped,grouped,,888888,,Enable,10,,1,4,4
GR-SD-D1209,GR-SD-D1209,"YNDLAGIDF,YNDLAGJDF,YNDLAGKDF,YNDLAGLDF,YNDLAGMDF,YNDLAGNDF,YNDLAGODF,YNDLAGPDF,YNDLAGQDF,YNDLAGRDF,YNDLAGSDF,YNDLAGTDF,YNDLAGUDF,YNDLAGVDF,YNDLAGWDF,YNDLAGXDF,YNDLAGYDF,YNDLAGZDF,YNDLAHADF,YNDLAHBDF,YNDLAHCDF,YNDLAHDDF,YNDLAHEDF,YNDLAHFDF,YNDLAHGDF,YNDLAHHDF,YNDLAHIDF,YNDLAHJDF,YNDLAHKDF,YNDLAHLDF,YNDLAHMDF,YNDLAHNDF,YNDLAHODF,YNDLAHPDF,YNDLAHQDF,YNDLAHRDF,YNDLAHSDF,YNDLAHTDF,YNDLAHUDF,YNDLAHVDF,YNDLAHWDF,YNDLAHXDF,YNDLAHYDF,YNDLAHZDF,YNDLAIADF,YNDLAIBDF,YNDLAICDF,YNDLAIDDF,YNDLAIEDF,YNDLAIFDF,YNDLAIGDF,YNDLAIHDF,YNDLAIIDF,YNDLAIJDF,YNDLAIKDF,YNDLAILDF",,,YG-1,"3,8,64",Taper Shank Drill,D1209,,,,,,Steam Homo,0,0,0,0,,HSS (M2),SD_ts_drill,HSS(M2) 超长 莫氏锥柄钻头,HSS(M2) Ex-Long Taper Shank Drill,grouped,grouped,,888888,,Enable,10,,1,4,4
GR-SD-D1210,GR-SD-D1210,"YNDLAIMDF,YNDLAINDF,YNDLAIODF,YNDLAIPDF,YNDLAIQDF,YNDLAIRDF,YNDLAISDF,YNDLAITDF,YNDLAIUDF,YNDLAIVDF,YNDLAIWDF,YNDLAIXDF,YNDLAIYDF,YNDLAIZDF,YNDLAJADF,YNDLAJBDF,YNDLAJCDF,YNDLAJDDF,YNDLAJEDF,YNDLAJFDF,YNDLAJGDF,YNDLAJHDF,YNDLAJIDF,YNDLAJJDF,YNDLAJKDF,YNDLAJLDF,YNDLAJMDF,YNDLAJNDF,YNDLAJODF,YNDLAJPDF,YNDLAJQDF,YNDLAJRDF,YNDLAJSDF,YNDLAJTDF,YNDLAJUDF,YNDLAJVDF,YNDLAJWDF,YNDLAJXDF,YNDLAJYDF,YNDLAJZDF,YNDLAKADF,YNDLAKBDF,YNDLAKCDF,YNDLAKDDF,YNDLAKEDF,YNDLAKFDF,YNDLAKGDF,YNDLAKHDF,YNDLAKIDF,YNDLAKJDF,YNDLAKKDF,YNDLAKLDF,YNDLAKMDF,YNDLAKNDF,YNDLAKODF",,,YG-1,"3,8,64",Taper Shank Drill,D1210,,,,,,Steam Homo,0,0,0,0,,HSS (M2),SD_ts_drill,HSS(M2) 超长 莫氏锥柄钻头 DIN 1870/2,HSS(M2) Ex-Long Taper Shank Drill DIN 1870/2,grouped,grouped,,888888,,Enable,10,,1,4,4
GR-SD-D1201,GR-SD-D1201,"YNDLAKPDF,YNDLAKQDF,YNDLAKRDF,YNDLAKSDF,YNDLAKTDF,YNDLAKUDF,YNDLAKVDF,YNDLAKWDF,YNDLAKXDF,YNDLAKYDF,YNDLAKZDF,YNDLALADF,YNDLALBDF,YNDLALCDF,YNDLALDDF,YNDLALEDF,YNDLALFDF,YNDLALGDF,YNDLALHDF,YNDLALIDF,YNDLALJDF,YNDLALKDF,YNDLALLDF,YNDLALMDF,YNDLALNDF,YNDLALODF,YNDLALPDF,YNDLALQDF,YNDLALRDF,YNDLALSDF,YNDLALTDF,YNDLALUDF,YNDLALVDF,YNDLALWDF,YNDLALXDF,YNDLALYDF,YNDLALZDF,YNDLAMADF,YNDLAMBDF,YNDLAMCDF,YNDLAMDDF,YNDLAMEDF,YNDLAMFDF,YNDLAMGDF,YNDLAMHDF,YNDLAMIDF,YNDLAMJDF,YNDLAMKDF,YNDLAMLDF,YNDLAMMDF,YNDLAMNDF,YNDLAMODF,YNDLAMPDF,YNDLAMQDF,YNDLAMRDF,YNDLAMSDF,YNDLAMTDF,YNDLAMUDF,YNDLAMVDF,YNDLAMWDF,YNDLAMXDF,YNDLAMYDF,YNDLAMZDF,YNDLANADF,YNDLANBDF,YNDLANCDF,YNDLANDDF,YNDLANEDF,YNDLANFDF",,,YG-1,"3,8,64",Taper Shank Drill,D1201,,,,,,Steam Homo,0,0,0,0,,HSS (M2),SD_ts_drill,HSS(M2) 常规 莫氏锥柄钻头 氧化发黑处理,HSS(M2) Regular Taper Shank Drill Steam Homo,grouped,grouped,,888888,,Enable,10,,1,4,4
GR-SD-D1205,GR-SD-D1205,"YNDLANGDF,YNDLANHDF,YNDLANIDF,YNDLANJDF,YNDLANKDF,YNDLANLDF,YNDLANMDF,YNDLANNDF,YNDLANODF,YNDLANPDF,YNDLANQDF,YNDLANRDF,YNDLANSDF,YNDLANTDF,YNDLANUDF,YNDLANVDF,YNDLANWDF,YNDLANXDF,YNDLANYDF,YNDLANZDF,YNDLAOADF,YNDLAOBDF,YNDLAOCDF,YNDLAODDF,YNDLAOEDF,YNDLAOFDF,YNDLAOGDF,YNDLAOHDF,YNDLAOIDF,YNDLAOJDF,YNDLAOKDF,YNDLAOLDF,YNDLAOMDF,YNDLAONDF,YNDLAOODF,YNDLAOPDF,YNDLAOQDF,YNDLAORDF,YNDLAOSDF,YNDLAOTDF,YNDLAOUDF,YNDLAOVDF,YNDLAOWDF,YNDLAOXDF,YNDLAOYDF,YNDLAOZDF,YNDLAPADF,YNDLAPBDF,YNDLAPCDF,YNDLAPDDF,YNDLAPEDF,YNDLAPFDF,YNDLAPGDF,YNDLAPHDF,YNDLAPIDF,YNDLAPJDF,YNDLAPKDF,YNDLAPLDF,YNDLAPMDF,YNDLAPNDF,YNDLAPODF,YNDLAPPDF,YNDLAPQDF,YNDLAPRDF,YNDLAPSDF,YNDLAPTDF,YNDLAPUDF,YNDLAPVDF,YNDLAPWDF,YNDLAPXDF,YNDLAPYDF,YNDLAPZDF,YNDLAQADF,YNDLAQBDF,YNDLAQCDF,YNDLAQDDF,YNDLAQEDF,YNDLAQFDF,YNDLAQGDF,YNDLAQHDF,YNDLAQIDF,YNDLAQJDF,YNDLAQKDF,YNDLAQLDF,YNDLAQMDF,YNDLAQNDF,YNDLAQODF,YNDLAQPDF,YNDLAQQDF,YNDLAQRDF,YNDLAQSDF,YNDLAQTDF,YNDLAQUDF,YNDLAQVDF,YNDLAQWDF,YNDLAQXDF,YNDLAQYDF,YNDLAQZDF,YNDLARADF,YNDLARBDF,YNDLARCDF,YNDLARDDF,YNDLAREDF,YNDLARFDF,YNDLARGDF,YNDLARHDF,YNDLARIDF,YNDLARJDF,YNDLARKDF,YNDLARLDF,YNDLARMDF,YNDLARNDF,YNDLARODF,YNDLARPDF,YNDLARQDF,YNDLARRDF,YNDLARSDF,YNDLARTDF,YNDLARUDF,YNDLARVDF,YNDLARWDF,YNDLARXDF,YNDLARYDF,YNDLARZDF,YNDLASADF,YNDLASBDF",,,YG-1,"3,8,64",Taper Shank Drill,D1205,,,,,,Steam Homo,0,0,0,0,,HSS (M2),SD_ts_drill,HSS(M2) 细长 莫氏锥柄钻头 氧化发黑处理 DIN 345,HSS(M2) Jobber Taper Shank Drill Steam Homo DIN 345,grouped,grouped,,888888,,Enable,10,,1,4,4
GR-SD-D1206,GR-SD-D1206,"YNDLASCDF,YNDLASDDF,YNDLASEDF,YNDLASFDF,YNDLASGDF,YNDLASHDF,YNDLASIDF,YNDLASJDF,YNDLASKDF,YNDLASLDF,YNDLASMDF,YNDLASNDF,YNDLASODF,YNDLASPDF,YNDLASQDF,YNDLASRDF,YNDLASSDF,YNDLASTDF,YNDLASUDF,YNDLASVDF,YNDLASWDF,YNDLASXDF,YNDLASYDF,YNDLASZDF,YNDLATADF",,,YG-1,"3,8,64",Taper Shank Drill,D1206,,,,,,Steam Homo,0,0,0,0,,HSS (M2),SD_ts_drill,HSS(M2) 长 莫氏锥柄钻头 氧化发黑处理 DIN 341,HSS(M2) Long Taper Shank Drill Steam Homo DIN 341,grouped,grouped,,888888,,Enable,10,,1,4,4
GR-SD-D1207,GR-SD-D1207,"YNDLATBDF,YNDLATCDF,YNDLATDDF,YNDLATEDF,YNDLATFDF,YNDLATGDF,YNDLATHDF,YNDLATIDF,YNDLATJDF,YNDLATKDF,YNDLATLDF,YNDLATMDF,YNDLATNDF,YNDLATODF,YNDLATPDF,YNDLATQDF,YNDLATRDF,YNDLATSDF,YNDLATTDF,YNDLATUDF,YNDLATVDF,YNDLATWDF,YNDLATXDF,YNDLATYDF,YNDLATZDF,YNDLAUADF,YNDLAUBDF,YNDLAUCDF,YNDLAUDDF,YNDLAUEDF,YNDLAUFDF,YNDLAUGDF,YNDLAUHDF,YNDLAUIDF,YNDLAUJDF,YNDLAUKDF,YNDLAULDF,YNDLAUMDF,YNDLAUNDF,YNDLAUODF,YNDLAUPDF,YNDLAUQDF,YNDLAURDF,YNDLAUSDF,YNDLAUTDF,YNDLAUUDF,YNDLAUVDF,YNDLAUWDF,YNDLAUXDF,YNDLAUYDF,YNDLAUZDF,YNDLAVADF,YNDLAVBDF,YNDLAVCDF",,,YG-1,"3,8,64",Taper Shank Drill,D1207,,,,,,Steam Homo,0,0,0,0,,HSS (M2),SD_ts_drill,HSS(M2) 长 莫氏锥柄钻头,HSS(M2) Long Taper Shank Drill,grouped,grouped,,888888,,Enable,10,,1,4,4
GR-SD-D2201,GR-SD-D2201,"YNDLAVDDF,YNDLAVEDF,YNDLAVFDF,YNDLAVGDF,YNDLAVHDF,YNDLAVIDF,YNDLAVJDF,YNDLAVKDF,YNDLAVLDF,YNDLAVMDF,YNDLAVNDF,YNDLAVODF,YNDLAVPDF,YNDLAVQDF,YNDLAVRDF,YNDLAVSDF,YNDLAVTDF,YNDLAVUDF,YNDLAVVDF,YNDLAVWDF,YNDLAVXDF,YNDLAVYDF,YNDLAVZDF,YNDLAWADF,YNDLAWBDF,YNDLAWCDF,YNDLAWDDF,YNDLAWEDF,YNDLAWFDF,YNDLAWGDF,YNDLAWHDF,YNDLAWIDF,YNDLAWJDF,YNDLAWKDF,YNDLAWLDF,YNDLAWMDF,YNDLAWNDF,YNDLAWODF,YNDLAWPDF,YNDLAWQDF,YNDLAWRDF,YNDLAWSDF,YNDLAWTDF,YNDLAWUDF,YNDLAWVDF,YNDLAWWDF,YNDLAWXDF,YNDLAWYDF,YNDLAWZDF,YNDLAXADF,YNDLAXBDF,YNDLAXCDF,YNDLAXDDF,YNDLAXEDF,YNDLAXFDF,YNDLAXGDF,YNDLAXHDF,YNDLAXIDF,YNDLAXJDF,YNDLAXKDF,YNDLAXLDF,YNDLAXMDF,YNDLAXNDF,YNDLAXODF,YNDLAXPDF,YNDLAXQDF,YNDLAXRDF,YNDLAXSDF,YNDLAXTDF",,,YG-1,"3,8,64",Taper Shank Drill,D2201,,,,,,Steam Homo,0,0,0,0,,HSS Co8 (M42),SD_ts_drill,HSSCo8(M42) 常规 莫氏锥柄钻头,HSSCo8(M42) Regular Taper Shank Drill,grouped,grouped,,888888,,Enable,10,,1,4,4
GR-SD-D2202,GR-SD-D2202,"YNDLAXUDF,YNDLAXVDF,YNDLAXWDF,YNDLAXXDF,YNDLAXYDF,YNDLAXZDF,YNDLAYADF,YNDLAYBDF,YNDLAYCDF,YNDLAYDDF,YNDLAYEDF,YNDLAYFDF,YNDLAYGDF,YNDLAYHDF,YNDLAYIDF,YNDLAYJDF,YNDLAYKDF,YNDLAYLDF,YNDLAYMDF,YNDLAYNDF,YNDLAYODF,YNDLAYPDF,YNDLAYQDF,YNDLAYRDF,YNDLAYSDF,YNDLAYTDF,YNDLAYUDF,YNDLAYVDF,YNDLAYWDF,YNDLAYXDF,YNDLAYYDF,YNDLAYZDF,YNDLAZADF,YNDLAZBDF,YNDLAZCDF,YNDLAZDDF,YNDLAZEDF",,,YG-1,"3,8,64",Taper Shank Drill,D2202,,,,,,0,0,0,0,0,,HSS Co8 (M42),SD_ts_drill,HSSCo8(M42) 长 莫氏锥柄钻头,HSSCo8(M42) Long Taper Shank Drill,grouped,grouped,,888888,,Enable,10,,1,4,4
GR-SD-D2203,GR-SD-D2203,"YNDLAZFDF,YNDLAZGDF,YNDLAZHDF,YNDLAZIDF,YNDLAZJDF,YNDLAZKDF,YNDLAZLDF,YNDLAZMDF,YNDLAZNDF,YNDLAZODF,YNDLAZPDF",,,YG-1,"3,8,64",Taper Shank Drill,D2203,,,,,,Steam Homo,0,0,0,0,,HSS Co8 (M42),SD_ts_drill,HSSCo8(M42) 长 莫氏锥柄钻头,HSSCo8(M42) Long Taper Shank Drill,grouped,grouped,,888888,,Enable,10,,1,4,4
GR-SD-D2204,GR-SD-D2204,"YNDLAZQDF,YNDLAZRDF,YNDLAZSDF,YNDLAZTDF,YNDLAZUDF,YNDLAZVDF,YNDLAZWDF,YNDLAZXDF,YNDLAZYDF,YNDLAZZDF,YNDLBAADF,YNDLBABDF,YNDLBACDF,YNDLBADDF,YNDLBAEDF,YNDLBAFDF,YNDLBAGDF,YNDLBAHDF,YNDLBAIDF,YNDLBAJDF,YNDLBAKDF,YNDLBALDF,YNDLBAMDF,YNDLBANDF,YNDLBAODF,YNDLBAPDF,YNDLBAQDF,YNDLBARDF,YNDLBASDF,YNDLBATDF,YNDLBAUDF,YNDLBAVDF,YNDLBAWDF,YNDLBAXDF,YNDLBAYDF,YNDLBAZDF,YNDLBBADF,YNDLBBBDF,YNDLBBCDF,YNDLBBDDF,YNDLBBEDF,YNDLBBFDF,YNDLBBGDF,YNDLBBHDF,YNDLBBIDF,YNDLBBJDF,YNDLBBKDF,YNDLBBLDF,YNDLBBMDF,YNDLBBNDF,YNDLBBODF,YNDLBBPDF,YNDLBBQDF,YNDLBBRDF",,,YG-1,"3,8,64",Taper Shank Drill,D2204,,,,,,0,0,0,0,0,,HSS Co8 (M42),SD_ts_drill,HSSCo8(M42) 长 莫氏锥柄钻头,HSSCo8(M42) Long Taper Shank Drill,grouped,grouped,,888888,,Enable,10,,1,4,4
GR-SD-D2207,GR-SD-D2207,"YNDLBBSDF,YNDLBBTDF,YNDLBBUDF,YNDLBBVDF,YNDLBBWDF,YNDLBBXDF,YNDLBBYDF,YNDLBBZDF,YNDLBCADF,YNDLBCBDF,YNDLBCCDF,YNDLBCDDF,YNDLBCEDF,YNDLBCFDF,YNDLBCGDF,YNDLBCHDF,YNDLBCIDF,YNDLBCJDF,YNDLBCKDF,YNDLBCLDF,YNDLBCMDF,YNDLBCNDF,YNDLBCODF,YNDLBCPDF,YNDLBCQDF,YNDLBCRDF,YNDLBCSDF,YNDLBCTDF,YNDLBCUDF,YNDLBCVDF,YNDLBCWDF,YNDLBCXDF,YNDLBCYDF,YNDLBCZDF,YNDLBDADF,YNDLBDBDF,YNDLBDCDF,YNDLBDDDF,YNDLBDEDF,YNDLBDFDF,YNDLBDGDF,YNDLBDHDF,YNDLBDIDF,YNDLBDJDF,YNDLBDKDF,YNDLBDLDF,YNDLBDMDF,YNDLBDNDF,YNDLBDODF,YNDLBDPDF,YNDLBDQDF,YNDLBDRDF,YNDLBDSDF,YNDLBDTDF",,,YG-1,"3,8,64",Taper Shank Drill,D2207,,,,,,0,0,0,0,0,,HSS Co8 (M42),SD_ts_drill,HSSCo8(M42) 长 莫氏锥柄钻头,HSSCo8(M42) Long Taper Shank Drill Steam Homo,grouped,grouped,,888888,,Enable,10,,1,4,4
GR-SD-D2208,GR-SD-D2208,"YNDLBDUDF,YNDLBDVDF,YNDLBDWDF,YNDLBDXDF,YNDLBDYDF,YNDLBDZDF,YNDLBEADF,YNDLBEBDF,YNDLBECDF,YNDLBEDDF,YNDLBEEDF,YNDLBEFDF,YNDLBEGDF,YNDLBEHDF,YNDLBEIDF,YNDLBEJDF,YNDLBEKDF,YNDLBELDF,YNDLBEMDF,YNDLBENDF,YNDLBEODF,YNDLBEPDF,YNDLBEQDF,YNDLBERDF,YNDLBESDF,YNDLBETDF,YNDLBEUDF,YNDLBEVDF,YNDLBEWDF,YNDLBEXDF,YNDLBEYDF,YNDLBEZDF,YNDLBFADF,YNDLBFBDF,YNDLBFCDF,YNDLBFDDF,YNDLBFEDF,YNDLBFFDF,YNDLBFGDF,YNDLBFHDF,YNDLBFIDF,YNDLBFJDF,YNDLBFKDF,YNDLBFLDF,YNDLBFMDF,YNDLBFNDF,YNDLBFODF,YNDLBFPDF,YNDLBFQDF,YNDLBFRDF,YNDLBFSDF,YNDLBFTDF,YNDLBFUDF,YNDLBFVDF",,,YG-1,"3,8,64",Taper Shank Drill,D2208,,,,,,0,0,0,0,0,,HSS Co8 (M42),SD_ts_drill,HSSCo8(M42) 莫氏锥柄钻头,HSSCo8(M42) Long Taper Shank Drill,grouped,grouped,,888888,,Enable,10,,1,4,4
GR-SD-DN221,GR-SD-DN221,"YNDLBFWDF,YNDLBFXDF,YNDLBFYDF,YNDLBFZDF,YNDLBGADF,YNDLBGBDF,YNDLBGCDF,YNDLBGDDF,YNDLBGEDF,YNDLBGFDF,YNDLBGGDF,YNDLBGHDF,YNDLBGIDF,YNDLBGJDF,YNDLBGKDF,YNDLBGLDF,YNDLBGMDF,YNDLBGNDF,YNDLBGODF,YNDLBGPDF,YNDLBGQDF,YNDLBGRDF,YNDLBGSDF,YNDLBGTDF,YNDLBGUDF,YNDLBGVDF,YNDLBGWDF,YNDLBGXDF,YNDLBGYDF,YNDLBGZDF,YNDLBHADF,YNDLBHBDF,YNDLBHCDF,YNDLBHDDF,YNDLBHEDF,YNDLBHFDF,YNDLBHGDF,YNDLBHHDF,YNDLBHIDF",,,YG-1,"3,8,64",Taper Shank Drill,DN221,,,,,,TiN,0,0,0,0,,HSS Co5 (M35),SD_ts_drill,HSSCo5(M35) 短 莫氏锥柄钻头(TiN涂层),HSSCo5(M35) Short Taper Shank Drill(TiN),grouped,grouped,,888888,,Enable,10,,1,4,4
GR-SD-DL608,GR-SD-DL608,"YNDLBHJDF,YNDLBHKDF,YNDLBHLDF,YNDLBHMDF,YNDLBHNDF,YNDLBHODF,YNDLBHPDF,YNDLBHQDF,YNDLBHRDF,YNDLBHSDF,YNDLBHTDF,YNDLBHUDF,YNDLBHVDF,YNDLBHWDF,YNDLBHXDF,YNDLBHYDF,YNDLBHZDF,YNDLBIADF,YNDLBIBDF,YNDLBICDF,YNDLBIDDF,YNDLBIEDF,YNDLBIFDF,YNDLBIGDF,YNDLBIHDF",,,YG-1,"3,8,64",Taper Shank Drill,DL608,,,,,,Bright,0,0,0,0,,HSS Co5 (M35),SD_ts_drill,HSSCo5(M35) 长 DH100-莫氏锥柄钻头 光亮色 DIN 341,HSSCo5(M35) Long DH100 Type Taper Shank Drill Bright DIN 341,grouped,grouped,,888888,,Enable,10,,1,4,4
GR-SD-DL609,GR-SD-DL609,"YNDLBIIDF,YNDLBIJDF,YNDLBIKDF,YNDLBILDF,YNDLBIMDF,YNDLBINDF,YNDLBIODF,YNDLBIPDF,YNDLBIQDF,YNDLBIRDF,YNDLBISDF,YNDLBITDF,YNDLBIUDF,YNDLBIVDF,YNDLBIWDF,YNDLBIXDF,YNDLBIYDF,YNDLBIZDF,YNDLBJADF,YNDLBJBDF,YNDLBJCDF,YNDLBJDDF,YNDLBJEDF,YNDLBJFDF,YNDLBJGDF,YNDLBJHDF,YNDLBJIDF,YNDLBJJDF,YNDLBJKDF,YNDLBJLDF,YNDLBJMDF,YNDLBJNDF,YNDLBJODF,YNDLBJPDF,YNDLBJQDF,YNDLBJRDF",,,YG-1,"3,8,64",Taper Shank Drill,DL609,,,,,,Bright,0,0,0,0,,HSS Co5 (M35),SD_ts_drill,HSSCo5(M35) 超长 DH100-莫氏锥柄钻头 光亮色,HSSCo5(M35) Ex-Long DH100 Type Taper Shank Drill Bright,grouped,grouped,,888888,,Enable,10,,1,4,4
GR-SD-DL610,GR-SD-DL610,"YNDLBJSDF,YNDLBJTDF,YNDLBJUDF,YNDLBJVDF,YNDLBJWDF,YNDLBJXDF,YNDLBJYDF,YNDLBJZDF,YNDLBKADF,YNDLBKBDF,YNDLBKCDF,YNDLBKDDF,YNDLBKEDF,YNDLBKFDF,YNDLBKGDF,YNDLBKHDF,YNDLBKIDF,YNDLBKJDF,YNDLBKKDF,YNDLBKLDF,YNDLBKMDF,YNDLBKNDF,YNDLBKODF,YNDLBKPDF,YNDLBKQDF,YNDLBKRDF,YNDLBKSDF,YNDLBKTDF,YNDLBKUDF,YNDLBKVDF,YNDLBKWDF,YNDLBKXDF,YNDLBKYDF,YNDLBKZDF,YNDLBLADF",,,YG-1,"3,8,64",Taper Shank Drill,DL610,,,,,,Bright,0,0,0,0,,HSS Co5 (M35),SD_ts_drill,HSSCo5(M35) 超长 DH100-莫氏锥柄钻头 光亮色 DIN 1870/2,HSSCo5(M35) Ex-Long DH100 Type Taper Shank Drill Bright DIN 1870/2,grouped,grouped,,888888,,Enable,10,,1,4,4
